OBJECTID,UNIT_COUNT,CNTY_FIPS,COUNTY,MSSA_ID,MSSA_NAME,DEFINITION,POPDENSITY,AREA_SQMI,POP,PCSA,PCSA_SCORE,PC_PHYS,PC_PHYS_R_CIV,POVScore,PHYSRatioScore,Shape__Area,Shape__Length
1,11,001,Alameda,1.1,Livermore Central and West/Spring Town,Urban,1752.00013854,0.47210174,43860,0,2,48,1186.10416667,1,1,0.00828255120768517,0.48927908433106
2,8,001,Alameda,1.2,Altamont/Livermore East/Midway/Mountain House/Scotts Corner,Rural,116.54515312,1.9502678,32480,1,6,12,3167.33333333,1,5,0.0862978459590522,1.65197647659441
3,12,007,Butte,10,Oroville/Palermo/Thermalito,Rural,175.46837548,7.76886845,42656,1,5,34,1408.35294118,4,1,0.0752236077141788,1.61544535606663
4,1,049,Modoc,100,Adin/Lookout/Newell,Frontier,2.3155741,956.13437615,1454,1,7,0,0,2,5,0.267075247142657,3.28154788263597
5,2,051,Mono,102,Benton/Bridgeport/Chalfant/Crowley Lake/Coleville/Hammill Valley/June Lake/Lee Vining/Paradise/Sunny Slopes/Topaz/Walker,Frontier,1.9579366,1452.26790405,5343,1,6,1,5951,1,5,0.813804218478708,5.79396300141255
6,1,051,Mono,103,Mammoth Lakes,Rural,123.75072727,66.38344825,5007,0,0,13,621.92307692,0,0,0.017550897201545,0.636250655669152
7,1,053,Monterey,104,Big Sur/Lucia,Frontier,5.18521155,251.29157927,1148,0,4,1,1455,3,1,0.0652618302656265,2.09457533234151
8,3,053,Monterey,105,King City/San Lucas,Rural,36.12337896,0.73217955,2799,0,4,19,884,4,0,0.117198813054529,2.70471665064311
9,1,053,Monterey,106,Bradley/San Ardo,Frontier,2.49000472,1432.1257989,2941,1,9,0,0,4,5,0.370568690011169,4.15503381827462
10,8,053,Monterey,107,Chualar/Gonzalez/Greenfield/Soledad,Rural,112.93533488,0.69850981,11209,1,9,9,5101.11111111,4,5,0.127403953545127,2.34939783496685
11,13,053,Monterey,108,Carmel Valley/Castroville/Marina/Moss Landing/Ord,Rural,159.58072432,1.23726082,38179,0,4,29,1860.55172414,2,2,0.0893119707757251,2.56581027124269
12,8,053,Monterey,109.1,Aromas/Las Lomas/Pajaro/Prunedale,Rural,202.48598552,110.79872691,16919,1,7,4,10930.25,2,5,0.0551909296159465,2.13474040883233
13,32,053,Monterey,109.2,Salinas/Spreckels,Urban,3924.82073378,5.3615592,38569,0,4,206,738.53883495,4,0,0.010110067361893,0.627674237939759
14,1,007,Butte,11,Berry Creek/Brownsville/Concow/Feather Falls/Forbestown,Frontier,11.24310759,444.71690413,4520,1,10,1,5264,5,5,0.120908214452811,2.05908130396216
15,27,053,Monterey,110,Carmel/Del Rey Oaks/Monterey/Pacific Grove/Sand City/Seaside,Urban,974.2392734,0.40276592,73262,0,2,160,571.3,2,0,0.0253374928211088,1.1932810162358
16,4,055,Napa,111.1,Angwin/Deer Park/St. Helena,Rural,109.296878,2.45846241,10339,0,2,18,697.61111111,2,0,0.0339638244086018,1.18548328774134
17,2,055,Napa,111.2,Calistoga,Rural,91.32439569,2.61625327,4476,1,6,3,2163.66666667,3,3,0.0190578228134655,0.728578765586926
18,1,055,Napa,111.3,Berryessa,Frontier,5.59273384,293.05882358,1196,1,6,0,0,1,5,0.0785364056027902,1.46201147365157
19,18,055,Napa,112.1,Napa Central,Urban,3239.92325002,1.12143507,38656,0,2,97,652.13402062,2,0,0.00529240113110063,0.503622524244875
20,10,055,Napa,112.2,Napa Northeast/Rutherford/Yountville,Rural,134.16109094,0.2979572,23440,0,1,48,656.125,1,0,0.0620498880425657,2.1670655217409
21,5,055,Napa,112.3,American Canyon,Urban,450.47868832,1.02347135,15209,1,7,3,7040.33333333,2,5,0.0120393909387531,0.667266934723113
22,15,057,Nevada,113,Grass Valley/Nevada City/Penn Valley/Rough and Ready/Wildwood,Rural,190.46325044,28.02578244,72539,0,3,70,1109.11428571,2,1,0.111078571131657,2.02498179036086
23,5,057,Nevada,114,North Bloomfield/North San Juan/Truckee,Rural,35.84410579,512.94983536,17316,0,1,26,773.23076923,1,0,0.152289234336422,3.16845281582357
24,21,059,Orange,115.1,Dana Point/San Clemente/San Juan Capistrano,Urban,3689.27367111,2.63360548,87918,0,3,85,1367.41176471,2,1,0.00785856602556123,0.489386187228157
25,23,059,Orange,115.2a,Lake Forest East/Mission Viejo Central and South,Urban,5132.52086636,0.61866199,90091,0,1,147,777.3537415,1,0,0.00549447055300334,0.493039303401164
26,25,059,Orange,115.2b,Coto de Caza/Las Flores/Mission Viejo Northwest/Rancho Santa Margarita/Trabuco Canyon,Urban,664.61992226,2.30732167,119789,0,2,82,1721.1097561,0,2,0.0517801415403483,1.22850421149036
27,26,059,Orange,115.2c,Aliso Viejo/Laguna Hills/Laguna Niguel,Urban,4335.76822504,1.62808627,109083,0,2,112,1137.41964286,1,1,0.00731872870528605,0.469046429709908
28,17,059,Orange,115.2d,Laguna Beach/Laguna Woods,Urban,3300.48327317,1.30230809,61157,0,1,157,489.78980892,1,0,0.00579601477625147,0.595150124406143
29,14,059,Orange,116a,Buena Park/La Palma,Urban,7951.32400169,0.67614429,48395,0,4,51,1593.03921569,2,2,0.00255081271529889,0.277368492702337
30,16,059,Orange,116b,Santa Ana Central,Urban,19240.88462749,0.20953965,11121,1,7,68,1654.92647059,5,2,0.00152745777063501,0.217099918872056
31,20,059,Orange,116c,Anaheim West,Urban,11058.89328927,0.50759448,66083,0,4,86,1439.80232558,3,1,0.0028103337185712,0.272462207952794
32,30,059,Orange,116d,Irvine South/Newport Beach/Newport Coast/San Joaquin Hills,Urban,2721.8624653,0.971517,135717,0,1,158,909.71518987,1,0,0.0137338796798758,0.651528459021435
33,26,059,Orange,116e,Cypress/Los Alamitos/Rossmoor,Urban,6136.11930854,0.98486561,94181,0,2,113,1017.91150442,1,1,0.0047678868386356,0.322545872973751
34,22,059,Orange,116f,Fullerton Central and South,Urban,6017.98652562,0.31767989,66261,0,3,118,889.90677966,3,0,0.00448266706371214,0.340346878890417
35,20,059,Orange,116g,Santa Ana South,Urban,10774.32190074,1.4883595,21723,0,4,89,1347.7752809,3,1,0.00281823503223677,0.314150739684888
36,27,059,Orange,116h,City of Orange South/Santa Ana North/Tustin Foothills/Tustin West,Urban,5746.66449557,0.4597944,75377,0,3,410,336.31219512,3,0,0.00588008972363241,0.601583780189141
37,20,059,Orange,116i,Garden Grove South/Santa Ana West,Urban,12017.04083107,0.28493887,63228,1,5,91,1307.65934066,4,1,0.00245916663334356,0.261644705303752
38,17,059,Orange,116j,Fountain Valley/Huntington Beach Central,Urban,6357.10988007,0.51101256,65349,0,1,181,438.61878453,1,0,0.00312477120860422,0.313325585137985
39,22,059,Orange,116k,Brea West/Fullerton North/La Habra,Urban,5928.94099978,0.47822414,63017,0,4,60,1867.18333333,2,2,0.00473556449082935,0.444044506284237
40,17,059,Orange,116l,Anaheim Central,Urban,11103.19811186,0.56345656,29988,0,4,129,766.94573643,4,0,0.00222540295544604,0.25801855722107
41,30,059,Orange,116m,Brea East/Placentia Central and North/Yorba Linda,Urban,2887.62120303,1.81319383,108954,0,2,116,1235.10344828,1,1,0.0121528236809354,0.547256674726554
42,27,059,Orange,116n,Anaheim Hills/City of Orange East/Villa Park,Urban,1790.39760275,1.01446723,94493,0,1,407,307.93366093,1,0,0.0178315378609568,0.748270132722158
43,17,059,Orange,116o,Irvine Central/Tustin East,Urban,7057.76163943,0.40089713,82507,0,1,206,478.65048544,1,0,0.00332769336091587,0.342183790399205
44,22,059,Orange,116p,Costa Mesa,Urban,5644.94393521,0.60684015,71922,0,2,255,443.87843137,2,0,0.00493251925695404,0.398163473981556
45,22,059,Orange,116q,Anaheim East/City of Orange North/Placentia Southwest,Urban,6883.81523418,0.47104902,56354,1,8,38,3281.78947368,3,5,0.00458769223064337,0.391285936801846
46,23,059,Orange,116r,Garden Grove North/Stanton,Urban,10581.62530539,0.5492865,70036,0,3,241,522.94190871,3,0,0.00305800399814871,0.330931286234539
47,22,059,Orange,116s,Huntington Beach North/Seal Beach East/Westminster,Urban,9727.14283701,0.53491388,89982,0,3,129,999.30232558,3,0,0.00329110685561318,0.404252669242592
48,19,059,Orange,116t,Huntington Beach South,Urban,7121.1194217,0.79577071,71724,0,2,57,1472.49122807,1,1,0.00290731094241892,0.24888329215132
49,23,059,Orange,116u,Huntington Beach West/Seal Beach West,Urban,3715.75165881,0.54322561,74789,0,4,39,2252.35897436,1,3,0.00594364857306573,0.427415936107479
50,14,059,Orange,116v,Foothill Ranch/IrvineNortheast/Lake Forest West/Portola Hills/Tustin East,Urban,2051.56144618,0.81587752,106321,1,6,37,3303.24324324,1,5,0.0139763518764084,0.618385078456606
51,9,061,Placer,117,Dollar Point/Kings Beach/Sunnyside/Tahoe City/Tahoe Vista,Rural,51.09822549,10.98685492,9355,1,5,6,2065.66666667,2,3,0.0672836310177445,1.8774268492038
52,6,061,Placer,118,Colfax/Meadow Vista,Rural,136.76436563,8.29075476,25348,1,7,6,4657.16666667,2,5,0.0537877222664065,1.87041038774314
53,21,061,Placer,119,Auburn/Newcastle/Lincoln/Sheridan,Urban,314.09743611,2.84950784,81519,0,2,101,952.07920792,2,0,0.079008331570094,1.76794150663603
54,10,009,Calaveras,12,Angels Camp/Arnold/Copperopolis/Mountain Ranch/Murphys/San Andreas/Valley Springs/West Point,Rural,43.53920965,102.57833332,40020,0,4,26,1700.80769231,2,2,0.276235565364004,2.96314319811191
55,1,061,Placer,120,Foresthill,Frontier,10.61526287,566.63693364,5689,1,7,1,5928,2,5,0.152789420565114,2.62170383426358
56,25,061,Placer,121.1,Roseville,Urban,3255.72532257,2.94016471,91775,0,4,46,2353.08695652,1,3,0.00877839541726644,0.496486031234502
57,22,061,Placer,121.2,Rocklin/Granite Bay,Urban,1324.65055271,1.85493214,100032,0,1,327,343.48623853,1,0,0.0225402526120888,0.903750588292878
58,1,063,Plumas,122,Belden/Caribou/Crescent Mills/Genessee/Greenville/Indian Falls/North Arm/Storrie/Taylorsville/Tobin/Twain,Frontier,3.89716731,706.4105232,2461,1,7,1,2736,3,4,0.193220331617795,3.80105097960045
59,2,063,Plumas,123.1,Bucks Lake/Cromberg/East Quincy/Greenhorn/Keddie/Laporte/Little Grass Valley/Meadow Valley/Quincy/Sloat/Spring Garden,Frontier,9.62032819,57.18581893,6151,0,3,12,519.91666667,3,0,0.175227424304467,3.00851386117484
60,1,063,Plumas,123.2,Blairsden/Clio/C-Road/Gold Mountain/Greagle/Johnsville/Mohawk Meadows/Mohawk Vista/Plumas Eureka/Plumas Pines/Sierra Springs/Valley Ranch/White Hawk,Rural,9.83208593,131.10137662,1343,1,6,0,0,1,5,0.0356947651030168,1.50215162367036
61,1,063,Plumas,124,Beckwourth/Chilcoot/Crocker Mountain/Delleker/Iron Horse/Lake Davis/Maybe/Portola/Valley View/Vinton,Frontier,7.63878412,662.80181748,3674,0,4,4,1005.25,3,1,0.180838667270109,2.45179796198411
62,2,063,Plumas,125,Bailey Creek/Canyondam/Chester/Eastshore/Foxwood/Hamilton Branch/Lake Almanor Peninsula/Lake Almanor Peninsula/Lake Almanor West/Prattville/Warner Valley,Frontier,9.13612848,342.2578822,4063,0,1,5,837.6,1,0,0.128952232091251,2.16692204445151
63,6,065,Riverside,126,Blythe,Rural,92.31825948,53.74058655,6705,1,6,8,1818.625,4,2,0.0423888816051203,1.00739862883805
64,3,065,Riverside,127,Chiriaco Summit/Desert Center/Eagle Mountain,Frontier,2.54052643,29.32269196,4549,0,3,6.5,278.61538462,3,0,0.96781684724192,5.15508762751703
65,17,065,Riverside,128,Arabia/Coachella/Desert Beach/Flowing Wells/Indio South/La Quinta East/Mecca/Oasis/Thermal,Urban,342.59629796,163.31816483,15284,1,9,40.5,2654.56790123,5,4,0.0765960510002515,1.73020600723485
66,27,065,Riverside,129.1,Bermuda Dunes South/Indian Wells/La Quinta West/Palm Desert/Rancho Mirage Central and South,Urban,944.60211042,23.82256624,71177,0,2,162,636.56790123,2,0,0.0266633664045912,0.947407294585601
67,12,065,Riverside,129.2,Bermuda Dunes North/Indio North,Urban,882.42995565,1.11993676,23422,1,8,15,3867.06666667,3,5,0.0153284564100886,0.624938013688478
68,11,065,Riverside,129.3,Agua Caliente/Palm Springs Central,Urban,286.12799087,1.01585497,21685,1,5,17,1723.70588235,3,2,0.0256292117721841,0.926805406184234
69,36,065,Riverside,129.4,Cathedral City Southeast/Palm Desert North/Palm Springs South/Rancho Mirage North,Urban,466.98861611,5.02623073,70564,1,5,129,1089.13953488,4,1,0.0736754404479143,1.63384822311715
70,4,065,Riverside,130,Idyllwild/Pine Cove,Rural,13.76441048,411.0749033,9032,1,8,1,11555,3,5,0.210784704450589,2.90450194270528
71,25,065,Riverside,131a,Lake Elsinore/Murrieta West/Sedco Hills/Wildomar,Urban,877.44067038,3.72020591,88575,1,5,68,2204.67647059,2,3,0.0416656201959995,1.2153644855095
72,20,065,Riverside,131b,French Valley/Murrieta East/Temecula/Winchester,Urban,864.06399241,1.92411456,108589,1,5,55,2746.47272727,1,4,0.0419435413014071,0.995479377155612
73,14,065,Riverside,131c,Temecula South,Urban,537.12409605,35.92085968,66199,0,2,78,1105.17948718,1,1,0.0387181633946057,1.29442437666173
74,32,065,Riverside,132,East Hemet/Hemet/Valle Vista,Urban,1312.11893973,0.50024918,86327,1,6,93,1564.09677419,4,2,0.0271999859658081,0.913926331027616
75,30,065,Riverside,133.1,Canyon Lake/Perris/Quail Valley/Romoland/Sun City/Winchester,Urban,1216.16862021,10.63019521,91265,1,8,43,4254,3,5,0.0365370394040383,1.34777529945856
76,5,065,Riverside,133.2,Homeland/Lakeview/San Jacinto,Urban,414.68130242,14.18782247,16381,1,8,0,0,3,5,0.0180379039036325,0.873868410743481
77,4,065,Riverside,133.3,Glen Valley/Mead Valley,Rural,239.78337276,51.73545542,8439,1,10,0,0,5,5,0.0239299581353407,0.814098310202548
78,32,065,Riverside,134,Banning/Beaumont/Cabizon/Calimesa/Cherry Valley,Urban,432.6486895,16.65625281,88572,0,4,121,1245.15702479,3,1,0.0842369431031784,1.94723130825883
79,22,065,Riverside,135a,Eastside/Fairmont Park/Riverside Downtown/Rubidoux/University,Urban,3015.78167659,0.9582344,37607,1,8,46,2190.56521739,5,3,0.00900818292848271,0.773621200932008
80,35,065,Riverside,135b,Edgemont/Orange Crest/Woodcrest,Urban,1788.01859706,1.64181428,91152,1,6,71,2388.02816901,3,3,0.0235270014520665,0.800383772261169
81,17,065,Riverside,135c,Casablanca/Riverside Central,Urban,4723.43515673,0.94988125,39684,0,4,132,663.92424242,4,0,0.00473530329531968,0.44630366049937
82,25,065,Riverside,135d,Arlington/Corona East/Home Gardens/La Sierra/Riverside Southwest,Urban,3144.62335735,0.81243339,46233,0,3,274,453.54379562,3,0,0.00983993380918946,0.738430477626047
83,34,065,Riverside,135e,Corona North/Glen Avon/Jurupa/Norco,Urban,2868.76422359,0.77804036,96092,1,6,28,6224.21428571,1,5,0.016021795555389,0.938368143540808
84,21,065,Riverside,135f,Corona South/El Cerrito/Temescal,Urban,1571.53532072,1.69225002,81286,0,3,67,1914.47761194,1,2,0.0197541941117834,0.737352763995663
85,21,065,Riverside,135g,Moreno Valley,Urban,3625.99951902,1.47790946,43053,1,8,6,15088.33333333,3,5,0.00634201028356074,0.536480357530691
86,9,067,Sacramento,136,Clay/Galt/Herald/Wilton,Rural,177.03733522,1.46227337,22945,1,8,4,9298.75,3,5,0.0545632314442628,1.2427557096821
87,2,067,Sacramento,137,Clarksburg/Hood/Isleton/Locke/Walnut Grove,Rural,35.43828909,102.9894386,3599,1,8,1,5561,3,5,0.0434952154141683,1.59505660804603
88,4,067,Sacramento,138,Rancho Murieta/Sloughhouse,Rural,130.63712427,0.82948158,19034,1,6,5,4369.2,1,5,0.0422145310035376,1.011837266839
89,37,067,Sacramento,139a,Elverta/Natomas/North Highlands/Rio Linda,Urban,2098.58385442,2.27378764,148284,1,8,44,4421.88636364,3,5,0.0245023587781361,0.936067513937657
90,21,067,Sacramento,139b,Carmichael/Fair Oaks/Gold River,Urban,3658.65693047,1.15365524,83007,0,3,132,706.13636364,3,0,0.00672053421021701,0.547759644880399
91,29,067,Sacramento,139c,Antelope/Citrus Heights/Foothill Farms,Urban,6117.1813527,0.55503485,96194,1,8,28,4305.25,3,5,0.00524606527051219,0.395339530801236
92,19,067,Sacramento,139d,Arcade/Arden/Town and Country Village,Urban,4425.49408902,0.50455999,66953,0,3,215,354.4744186,3,0,0.00459745364241826,0.386038128960054
93,25,067,Sacramento,139e,Folsom/Orangevale,Urban,2620.49526903,1.29763674,101082,0,1,123,881.59349593,1,0,0.0115107074025218,0.554165004756247
94,26,067,Sacramento,139f,Florin/Fruitridge/Oak Park/Parkway/South Sacramento,Urban,6809.31369694,0.53533903,77344,1,5,410,300.92439024,5,0,0.00476602326352804,0.349670944378039
95,34,067,Sacramento,139g,East Sacramento/La Riviera/Mather/Rancho Cordova/Rosemont,Urban,1936.34965354,0.65441943,104332,0,4,117,1090.53846154,3,1,0.0176556428646109,0.782008888620271
96,12,067,Sacramento,139h,Elk Grove/Laguna/Laguna West/Lakeside,Urban,4601.71592915,1.96827228,61387,0,3,245,324.46938776,3,0,0.00459624169207018,0.363702292773156
97,22,067,Sacramento,139i,Greenhaven/Land Park/Midtown/Pocket/Riverside/Sutterville,Urban,5573.67021805,0.46837865,70977,0,1,235,355.2893617,1,0,0.0040161865636037,0.405182177053723
98,30,067,Sacramento,139j,Capitol Park/Del Paso Heights/Downtown/Gardenland/North Sacramento,Urban,3793.15496378,2.17485217,81441,1,6,117,1054.47863248,5,1,0.00869413961618193,0.820793997204934
99,16,067,Sacramento,139k,Freeport/Meadowview,Urban,5776.97816026,0.7850879,57934,1,10,23,3691.73913043,5,5,0.00390892759423878,0.361742795697534
100,17,067,Sacramento,139l,Vineyard,Urban,1647.20079601,4.70927333,65530,1,7,6,13402.5,2,5,0.012661601612308,0.62997848836898
101,14,067,Sacramento,139m,Central South Elk Grove/Franklin,Urban,1341.77411374,47.84197803,70300,0,2,77,1097.28571429,1,1,0.0166153380314427,0.569807712059566
102,11,069,San Benito,140,Hollister/Paicines/Panoche/San Juan Bautista,Rural,40.35674619,1.34809866,24231,1,5,28,2043.21428571,2,3,0.362729532636422,3.70663673046211
103,1,071,San Bernardino,142,Argus/Borosalvay/Trona,Frontier,1.73925481,1360.35271527,1942,1,8,0,0,3,5,0.350196370482081,2.80905048994713
104,3,071,San Bernardino,143,Big River/Needles,Frontier,2.25476933,44.43598893,5293,1,10,2,3306.5,5,5,0.739117876955788,4.11065986151083
105,1,071,San Bernardino,144.1,USMC Air-Ground Combat Training Center,Rural,11.17903852,931.29654953,7760,0,2,6,955.5,2,0,0.236640616473096,2.61892499434644
106,9,071,San Bernardino,144.2,Joshua Tree/Landers/Morongo Valley/Rimrock/Yucca Valley,Rural,45.21848221,10.68095172,33918,1,9,6,6703.83333333,4,5,0.233454925199567,2.59586743712526
107,5,071,San Bernardino,144.3,Cadiz/Twentynine Palms,Rural,12.10858997,1377.32073751,15581,1,9,0,0,4,5,0.404065855542285,4.66241843161299
108,25,071,San Bernardino,145.1a,Hesperia West/Mountain View Acres/Victorville Central and South,Urban,1020.40268103,6.6742517,90607,1,6,98.33333333,1850.0440678,4,2,0.0444141745088018,1.04550530078029
109,18,071,San Bernardino,145.1b,Apple Valley/Hesperia East,Urban,788.99163976,8.07827184,78756,1,6,62,1851.51612903,4,2,0.0372558139497414,1.246929948337
110,7,071,San Bernardino,145.2,Adelanto/Phelan/Pinon Hills/Victorville Northwest,Rural,192.73540585,7.35316804,30070,1,10,4,13814.25,5,5,0.0790652773512193,1.42601934633429
111,1,071,San Bernardino,145.3,Lucerne Valley,Rural,50.94101386,84.09726615,3762,1,10,0,0,5,5,0.0213557869994929,0.728874074316708
112,11,071,San Bernardino,146,Big Bear Lake/Fawnskin/Moorridge/Running Springs/Sugarloaf,Rural,47.10026938,259.95236265,21247,1,8,4,6637,3,5,0.137252788627848,2.03825983908991
113,7,071,San Bernardino,147,Blue Jay/Crestline/Lake Arrowhead/Skyforest/Twin Peaks,Rural,133.21129938,84.62284638,17439,1,8,7,3190.85714286,3,5,0.0412352702526277,1.21972294131809
114,2,071,San Bernardino,148,Lytle Creek/Wrightwood,Rural,37.48188145,165.10436725,5623,1,7,0,0,2,5,0.0451638379993256,1.07302813681373
115,11,071,San Bernardino,149,Barstow/Daggett/Lenwood/Nebo Center/Oro Grande/Yermo,Rural,23.09601898,162.63876591,33363,1,9,19,2776.21052632,5,4,0.590802680313118,4.09288128027139
116,2,011,Colusa,15,Colusa,Rural,50.89437217,83.72099005,3834,0,3,16,473.375,3,0,0.0408297579147074,1.29996438519961
117,2,071,San Bernardino,150,Baker/Harvard/Newberry Springs,Frontier,1.57803571,6995.57695757,9063,1,6,4,2695,2,4,2.04834518037592,6.64336250277067
118,21,071,San Bernardino,151a,Chino Hills/Chino West Central/Los Serranos/Sleepy Hollow,Urban,2021.82571859,3.95101604,75580,0,3,79,1541.24050633,1,2,0.0157726159209233,0.568177237980282
119,20,071,San Bernardino,151b,Ontario Northeast/Rancho Cucamonga South,Urban,5466.97902362,0.59474146,46720,0,4,69,1454.71014493,3,1,0.00464549791786339,0.364026505994632
120,26,071,San Bernardino,151c,Montclair/Ontario Northwest/Upland South,Urban,6457.3619768,1.13554364,35497,1,5,87,1445.56321839,4,1,0.0048905828534771,0.514513040104461
121,19,071,San Bernardino,151d,Rancho Cucamonga Northwest/San Antonio Heights/Upland North,Urban,3808.98019504,0.98626935,59322,1,5,41,2095.2195122,2,3,0.00568381353559744,0.39007915195373
122,23,071,San Bernardino,151e,Fontana North/Rancho Cucamonga Northwest/Rialto Northeast,Urban,2806.91962819,2.65790185,106418,1,6,32,6026.6875,1,5,0.0169167510116495,0.829799065773484
123,26,071,San Bernardino,151f,Bloomington/Colton Central and West/Fontana South/Rialto South,Urban,3523.81502864,1.00146442,28253,0,4,468,309.14529915,4,0,0.0105387760418125,0.633237979309779
124,23,071,San Bernardino,151g,Muscoy/San Bernardino Central,Urban,5086.51278266,1.48810372,40916,1,9,49,2560.12244898,5,4,0.00628919405312445,0.474749638766399
125,25,071,San Bernardino,151h,Fontana Central/Rialto Central,Urban,7196.12179521,0.50057342,31037,1,9,50,2720.84,5,4,0.00468215132445948,0.476554065606935
126,19,071,San Bernardino,151i,Colton Southeast/Grand Terrace/Loma Linda/Redlands North,Urban,2159.01899773,1.3636069,67874,0,3,393.5,265.16899619,3,0,0.0123001564124934,0.856231952292676
127,17,071,San Bernardino,151j,Mentone/Redlands South/Yucaipa,Urban,1354.74491808,7.27220899,74711,0,2,117,857,2,0,0.0187640367507811,0.758885130271553
128,23,071,San Bernardino,151k,Highland/San Bernardino East,Urban,4287.92247819,0.50097747,53278,1,6,111,1065.53153153,5,1,0.00719202886398307,0.497433918162468
129,24,071,San Bernardino,151l,Chino Northeast/Fontana Southwest/Ontario South,Urban,2229.80050891,0.77698571,54383,1,7,28,4837.42857143,2,5,0.0159129652126921,1.07316222337901
130,4,073,San Diego,152,Borrego Springs/Cuyamaca/Julian/Kentwood in the Pines/Laguna/Ocotillo Wells/Palomar/Pine Valley/Warner Springs,Frontier,5.57320672,1065.34101825,8636,1,5,7,1572.42857143,3,2,0.447500936495089,4.34970222273636
131,1,073,San Diego,153.1,Pala/Pauma Valley,Rural,64.82000452,112.97438274,5211,1,8,0,0,3,5,0.0283378947042365,1.30107029143496
132,3,073,San Diego,153.2,Rincon/San Pasqual/Valley Center,Rural,181.11451725,39.74210523,12936,1,5,8,2077.25,2,3,0.0237472598253134,1.08784176418211
133,1,073,San Diego,154,Barona/Moreno,Rural,51.7332065,48.05424153,2317,1,7,0,0,2,5,0.0119985602725592,0.612510964013146
134,7,073,San Diego,155,Alpine/Blossom Valley/Crest/Descanso/Glen Oaks/Harbison Canyon/Japatul/Palo Verde,Rural,233.34130021,16.54417597,28963,1,5,16,2135.8125,2,3,0.0356168579305631,1.3401202037891
135,23,073,San Diego,156a,Encinitas Central/Leucadia/Oceanside North and West/San Luis Rey/South Oceanside,Urban,5099.86042374,2.02836107,70433,0,3,106,1057.17924528,2,1,0.0054566146277466,0.772395535271201
136,19,073,San Diego,156b,Carlsbad East/Encinitas East/Oceanside East,Urban,3077.38716344,7.20499041,89408,1,5,55,2053.85454545,2,3,0.00894594267970206,0.608945948085442
137,25,073,San Diego,156c,Cardiff by the Sea/Eden Gardens/Harmony Grove/La Costa/Ocean Hills/Lomas Santa Fe/Olivehain/Rancho Santa Fe/San Marcos South/Solana Beach/Vista South,Urban,1922.00610759,0.84754589,140020,0,1,166,979.85542169,1,0,0.0204409705936541,0.985528284248255
138,25,073,San Diego,156d,Oceanside East/San Marcos West/Vista,Urban,2356.91288757,1.8845691,65269,0,3,165,783.24242424,3,0,0.0136242907876749,0.858855327387765
139,26,073,San Diego,156e,Escondido Central and South/San Marcos Central and East,Urban,5240.30968415,0.17644635,61658,0,4,178,770.64044944,4,0,0.00641036161050579,0.807463594131653
140,18,073,San Diego,156f,Escondido East/Hidden Meadows/Poway North,Urban,753.79875488,3.07967826,80135,1,7,17,6140.58823529,2,5,0.0338223451062731,1.34368903998159
141,3,073,San Diego,157,Dulzura/Engineer Springs/Indian Springs/Jamacha/Jamul,Rural,90.12127953,147.49360245,12974,1,6,3,5243.33333333,1,5,0.0518558775645488,1.15068658232742
142,5,073,San Diego,158.1,Ramona/Rock Haven/Rosemont,Rural,254.77654052,52.23707487,18235,0,3,13,1955.23076923,1,2,0.0255736952540246,1.04337694561615
143,2,073,San Diego,158.2,Ballena/Four Corners/San Diego Country Estates,Urban,321.30846811,15.08324507,9207,1,5,0,0,0,5,0.00842681691460712,0.526067238886156
144,1,073,San Diego,159,Buckman Springs/Canyon City/Jacumba/Morena Village/Tecate,Rural,15.02616799,452.14455247,4612,1,9,0,0,4,5,0.112619391326916,2.00156690934956
145,1,011,Colusa,16.1,Williams,Rural,16.4325269,367.92880585,1926,1,7,1,6096,2,5,0.0992370626499905,1.68005447723545
146,1,011,Colusa,16.2,Loduga/Maxwell/Princeton/Stonyford,Frontier,5.41523463,418.26442493,1583,1,7,0,0,2,5,0.113133309465411,2.33972786888093
147,1,011,Colusa,16.3,Arbuckle/Grimes,Rural,24.49014024,219.06775327,1926,1,7,1,5260,2,5,0.0590001683144692,1.40281179574893
148,10,073,San Diego,160,Bonsall/Camp Pendleton/Fallbrook/Live Oak Park/Rainbow/San Luis Rey Heights/Winterwarm,Urban,259.07295794,63.67722968,62617,0,4,37,1914.35135135,2,2,0.0845683319205364,1.58109414746796
149,28,073,San Diego,161a,Clairemont/Fiesta Shores/Linda Vista/Mission Beach/Sorrento/University City,Urban,5202.31646045,0.88262928,120503,0,4,113,1324.28318584,3,1,0.00703966248079269,1.38579149051016
150,25,073,San Diego,161b,Bay Park/Five Points/Hillcrest Northwest/Mission Hills/Mission Valley/Morena/Normal Heights/Old Town/Serra Mesa,Urban,5302.95794719,0.65211843,81628,0,2,825,120.73212121,2,0,0.00471569678916239,0.505206668470839
151,21,073,San Diego,161c,Downtown/Golden Hill/Logan Heights,Urban,9791.69413409,0.45757989,39583,1,5,258,320.54263566,5,0,0.00231575813040763,0.309178612513686
152,20,073,San Diego,161d,Chollas Creek/City Heights/East San Diego/North Park/Oak Park/South Park,Urban,12868.43796609,0.28815975,50855,1,8,48,2080.91666667,5,3,0.00188922616007403,0.193194582449337
153,21,073,San Diego,161e,College Heights/Hillcrest Southeast/Kensington/Rolando North/University Heights,Urban,10976.64131294,0.34700989,69164,0,4,155,582.56774194,4,0,0.00208241093969264,0.373036952204239
154,17,073,San Diego,161f,La Mesa/Rolando South,Urban,7147.86351605,0.61676646,59438,0,2,142,586.97183099,2,0,0.00284502989279645,0.336758833439362
155,22,073,San Diego,161g,Encanto/Lemon Grove Northwest/Lincoln Acres/National City East/Paradise Hills Southwest,Urban,8212.62499489,0.58943711,43067,1,5,91,1095.79120879,4,1,0.00296253048577455,0.408441605904956
156,18,073,San Diego,161h,El Cajon Central and South/Fletcher Hills,Urban,7787.5392929,0.62666637,58374,1,7,46,1911.97826087,5,2,0.0027922359108743,0.328943825294608
157,19,073,San Diego,161i,Calavo Gardens/Casa de Oro/Cottonwood/Grossmont/Homelands/Lemon Grove Central and North/Mount Helix/Rancho San Diego/Spring Valley,Urban,4129.15943245,1.06609575,59556,1,6,32,2756.5,2,4,0.00518401016097414,0.424852858290498
158,35,073,San Diego,161j,Castle Park/Chula Vista Southwest/Imperial Beach West/Nestor East/Palm City/San Ysidro/South San Diego,Urban,3339.41709685,15.60301862,54210,1,5,87,1802.08045977,3,2,0.0115831682549015,1.7787045448283
159,18,073,San Diego,161k,Chula Vista Central and Northwest/National City West,Urban,7747.18903701,0.28329004,23371,1,5,131,585.0610687,5,0,0.00257052933557134,0.335271077615858
160,17,073,San Diego,161l,Lemon Grove South/Paradise Hills,Urban,9168.14790527,0.50876566,52615,1,7,5,16663,2,5,0.00224045672052853,0.256382654109493
161,18,073,San Diego,161m,Carlton Hills/El Cajon North/Eucalyptus Hills/Lake Murray/Loma Portal/San Carlos/Santee,Urban,2267.96919315,0.76437264,72088,1,5,30,2894.03333333,1,4,0.00942849928219403,0.669601799648439
162,17,073,San Diego,161n,Civic Center/Coronado/Harbor Island/Imperial Beach East/Nestor West/Ocean Beach/Point Loma/Silver Strand,Urban,5198.44088881,1.29498494,52750,0,2,42,1340.23809524,1,1,0.00300051782869559,0.490758611559026
163,19,073,San Diego,161o,Allied Gardens/Del Cerro/Grantville/Miramar/Tierrasanta,Urban,1125.19065035,0.73848747,72194,0,1,429,196.30769231,1,0,0.0189751529542264,0.765542059079603
164,24,073,San Diego,161p,Carmel Valley/Del Dios/Escondido South/Fairbanks Ranch/Poway Southeast/Rancho Bernardo Southeast/Rancho Penasquitos,Urban,2233.23828479,0.36842281,140105,0,2,135,1156.8,1,1,0.0169368755887263,0.69204559013318
165,18,073,San Diego,161q,Poway Central/Poway Grove/Rancho Bernardo Southwest/Sabre Springs,Urban,1873.54420738,1.92021894,68068,0,1,113,695.14159292,1,0,0.0105682170437831,0.564977277749527
166,22,073,San Diego,161r,Crown Point/Del Mar/La Jolla/Pacific Beach,Urban,4188.66199619,1.70242345,68908,0,2,395,191.11898734,2,0,0.0045020745860711,0.508485888992985
167,18,073,San Diego,161s,Cockatoo Grove/Eastlake Greens/Otay Mesa,Urban,3906.72708031,0.50510412,66275,0,3,77,1930.83116883,1,2,0.00921493927148731,0.483784195522788
168,20,073,San Diego,161t,Bonita/Chula Vista East/Eastlake/La Presa/Lynwood Hills/Rancho del Rey/Sunnyside/Sunny Vista,Urban,3393.81938946,0.89073239,49840,0,4,39,2495.61538462,1,3,0.00710538867929245,0.47123620736294
169,15,073,San Diego,161u,Bostonia/Glenview/Granite Hills/Hillsdale/Johnstown/Lakeside/Riverview/Winter Gardens,Urban,3454.60396833,0.90597595,67637,1,7,21,4107.57142857,2,5,0.00602452952125532,0.49266582072419
170,22,073,San Diego,161v,Mira Mesa/Scripps Miramar Ranch,Urban,4127.58996387,0.77154741,100531,0,2,89,1300.84269663,1,1,0.00682677255008457,0.427629356803526
171,28,075,San Francisco,162a,Chinatown/Civic Center/Inner Mission/North Beach/South of Market/Tenderloin/Western Addition,Urban,23000.87124286,0.03577165,97002,0,4,218,508.12385321,4,0,0.00125100141485746,0.541230881666987
172,27,075,San Francisco,162b,Cow Hollow/Financial District/Marina/Nob Hill/Pacific Heights/Russian Hill/Seacliff,Urban,15870.04772284,0.03592818,87619,0,1,395,238.71392405,1,0,0.00154330900795685,0.417656631828887
173,24,075,San Francisco,162c,Bernal Heights/Mission District/Potrero Hill,Urban,22965.93634546,0.21027477,75633,0,2,394,284.97461929,2,0,0.00128731458789844,0.370995565192736
174,27,075,San Francisco,162d,Excelsior/Glen Park/Ingleside/Lake Merced/Merced Heights/Ocean Beach South/Park Merced/Saint Francis Wood/Westwood Park,Urban,14662.338309,0.19772574,104707,1,6,48,2706.83333333,2,4,0.00234478807897176,0.503720848698044
175,16,075,San Francisco,162e,Golden Gate Park/Parkside/Sunset/West Portal,Urban,12334.87329982,0.1822847,76293,0,1,86,950.56976744,1,0,0.00172373696068462,0.341922418222303
176,23,075,San Francisco,162f,Bayview/Candlestick/Hunters Point/Portola/Visitacion Valley,Urban,10484.22890558,0.24223184,66061,1,7,29,2881.31034483,3,4,0.00205409666705236,0.44342435435794
177,31,075,San Francisco,162g,Buena Vista/Castro/Eureka Valley/Forest Hill/Haight-Ashbury/Noe Valley/West of Twin Peaks,Urban,22824.15893447,0.1138593,109559,0,1,886,137.68510158,1,0,0.00139375385424501,0.261540401798352
178,20,075,San Francisco,162h,Laurel Heights/Ocean Beach North/Richmond/Sutro Heights,Urban,26125.09240759,0.11317865,85674,0,2,279,331.10035842,2,0,0.000944204334700771,0.227572233134491
179,14,077,San Joaquin,163,Tracy,Urban,1192.79803443,0.886009,67526,0,2,75,1411.05333333,1,1,0.0228189197309803,0.82562899811519
180,17,077,San Joaquin,164.1,Lathrop/Manteca,Urban,2158.37194277,4.15715429,47403,0,3,61,1367.73770492,2,1,0.00954208576649762,0.54177193233845
181,10,077,San Joaquin,164.2,Banta/Escalon/Ripon/Vernalis,Rural,140.76550741,7.86107545,38387,1,7,12,4225.66666667,2,5,0.102686829028698,2.23069750157354
182,1,077,San Joaquin,165,Farmington/Linden,Rural,37.50800203,140.76996145,3389,1,7,1,5496,2,5,0.037385641066976,0.861947582993932
183,15,077,San Joaquin,166,Lodi,Urban,1940.04394695,22.88956425,42439,0,3,78,853.15384615,3,0,0.00913546108722585,0.504729075860811
184,5,077,San Joaquin,167,Lockeford/North Woodbridge,Rural,148.15473061,5.2649843,28355,1,7,2,19156.5,2,5,0.0681593888070893,1.72806772359567
185,6,077,San Joaquin,168,South Woodbridge/Thornton,Rural,69.02967116,115.70233297,17535,1,5,10,2469.5,2,3,0.0965834065164017,2.12059447998068
186,20,077,San Joaquin,169a,Stockton North Central/Stockton Northeast,Urban,7088.13597621,0.19981451,63155,1,5,182,532.16483516,5,0,0.00368708565974885,0.417598879114737
187,31,077,San Joaquin,169b,French Camp/Stockton South/Stockton Southeast,Urban,1568.28496515,16.20096385,55734,1,6,134,1034.26119403,5,1,0.0236723874454583,0.867501015403029
188,20,077,San Joaquin,169c,Stockton Northwest/Stockton West,Urban,4529.53082959,0.51814536,58604,0,4,71,1185.09859155,3,1,0.0049819846894934,0.44916889415015
189,10,013,Contra Costa,17,Brentwood East/Byron/Discovery Bay/Knightsen,Urban,388.83104003,3.65983544,41545,1,5,23,2620.86956522,1,4,0.0380836456383804,1.62122515880084
190,7,079,San Luis Obispo,170,Atascadero/Templeton,Urban,263.61628919,1.75950228,32380,0,2,75,505.78666667,2,0,0.0371614658793078,1.26594791521937
191,13,079,San Luis Obispo,171,Arroyo Grande/Nipomo/Oceano/Pismo Beach,Rural,156.08123047,1.21927123,63490,0,3,70.5,1174,2,1,0.136163718330408,3.08605023590756
192,14,079,San Luis Obispo,172,San Luis Obispo,Rural,52.14082888,10.34513835,54953,1,5,116.5,463.22746781,5,0,0.322828418234167,4.6428956771597
193,9,079,San Luis Obispo,173,El Paso de Robles/Lake Nacimiento/San Miguel/Shandon,Rural,50.04967529,0.91371323,34159,1,5,21,2370.28571429,2,3,0.257881790883403,2.99949911015974
194,10,079,San Luis Obispo,174,Baywood/Cambria/Cayucos/Morro Bay/Los Osos,Rural,91.876913,4.78845389,30313,1,5,18,2031.55555556,2,3,0.098971429915764,2.76046662720346
195,4,081,San Mateo,175.1,El Granada/Half Moon Bay/Miramar/Montara/Moss Beach/Princeton by the Sea/Skyline,Rural,260.24226936,8.00499009,18356,0,3,17,1522.82352941,1,2,0.0252285010988089,1.0741573244734
196,1,081,San Mateo,175.2,La Honda/Loma Mar/Pescadero/San Gregorio/Sky Londa,Rural,21.6415637,181.96467012,2997,1,8,0,0,3,5,0.0478820024450215,1.35470803880712
197,8,081,San Mateo,175.3,Pacifica/Rockaway Beach/San Pedro Terrace/Sharp Park/Vallemar,Urban,2499.63124338,4.50914354,31561,1,6,2,19287,1,5,0.00401149871549933,0.383857666500115
198,20,081,San Mateo,176a,Brisbane/Burlingame Northeast/Colma/Daly City East/Millbrae East/San Bruno/South San Francisco,Urban,3611.82689932,1.41198138,62184,0,2,87,1104.88505747,1,1,0.00702660021670454,0.667978874570797
199,14,081,San Mateo,176b,East Menlo Park/East Palo Alto/North Fair Oaks/Redwood City East,Urban,3594.57719251,0.4402245,27921,1,5,40,1980.1,3,2,0.00567080931523378,0.613499321777041
200,21,081,San Mateo,176c,Atherton/Lindenwood/Menlo Oaks/Menlo Park/Redwood City Central/Sharon Heights/West Menlo Park/Woodside/Woodside Hills,Urban,1624.22364741,0.42560477,69375,0,1,209,397.06698565,1,0,0.0136484482582091,0.940819129101928
201,21,081,San Mateo,176d,Broadmoor Village/Daly City West/San Bruno Northwest/Serramonte/Westborough,Urban,11667.65706538,0.48266741,99443,0,1,129,981.48837209,1,0,0.00279119144624929,0.374120358666956
202,24,081,San Mateo,176e,Burlingame Hills/Burlingame Southwest/Hillsborough/Hillsdale/Millbrae West/San Bruno Central/San Mateo West,Urban,5268.00074899,0.35328728,85601,0,1,176,564.05681818,1,0,0.00485924366466861,0.479744882555128
203,22,081,San Mateo,176f,Foster City/Redwood Shores/San Mateo East,Urban,8631.35893779,0.29867021,71294,0,2,81,1181.09876543,1,1,0.00284628851477464,0.357414724431369
204,22,081,San Mateo,176g,Belmont/Devonshire/Emerald Lake/Farm Hills/Palomar Park/San Carlos West/The Highlands,Urban,3997.33492283,0.41035492,83470,0,1,75,1264.52,0,1,0.00610203644919238,0.625880174262478
205,5,083,Santa Barbara,177,Carpinteria/New Cuyama/Summerland/Toro Canyon,Rural,15.24378795,0.93802321,11342,1,6,4,4770,1,5,0.311134513096476,3.59136729562665
206,5,083,Santa Barbara,178.1,Buellton/Los Olivos/Santa Ynez/Solvang,Rural,32.41013138,196.15933055,13262,0,1,22,774.5,1,0,0.134098432509745,4.83666855070436
207,1,083,Santa Barbara,178.2,Los Alamos,Rural,45.72248748,162.48022385,4766,1,5,3,2411.33333333,2,3,0.0414226291368323,1.20259614993408
208,13,083,Santa Barbara,179,Lompoc/Mission Hills/Vandenberg,Rural,126.75975958,156.87659571,32319,0,4,40,1373.375,3,1,0.117377204365766,1.98470453481979
209,24,083,Santa Barbara,180.1,Orcutt/Santa Maria,Urban,626.54079595,3.45184595,54300,0,4,123,1101.3495935,3,1,0.0546343687651643,1.54778036373958
210,1,083,Santa Barbara,180.2,Guadalupe,Rural,113.66939147,64.08937275,1131,1,8,1,7440,3,5,0.0163743775115108,0.681845443190522
211,21,083,Santa Barbara,181a,Goleta South/Isla Vista/Santa Barbara South,Urban,4576.7603068,0.68287605,61746,1,6,53,1785.01886792,4,2,0.00572781478513207,0.652110079829661
212,19,083,Santa Barbara,181b,Goleta North/Mission Canyon/Montecito/Riviera/Santa Barbara North,Urban,1031.97388324,1.9053952,63946,0,1,204,402.28431373,1,0,0.0199890816052175,1.00380920521402
213,22,085,Santa Clara,182,Gilroy/Morgan Hill/Rucker/San Martin,Rural,135.39856248,15.96738309,61036,0,4,74,1522.31081081,2,2,0.213984284494018,3.30319301770766
214,31,085,Santa Clara,183a,Los Altos/Los Altos Hills/Palo Alto Central/Stanford,Urban,1685.73443167,0.79432676,123640,0,1,967,130.93485005,1,0,0.0206404674504483,0.951663586196417
215,26,085,Santa Clara,183b,Berryessa/East San Jose/Milpitas East,Urban,4470.65046302,7.18667763,94821,0,2,111,1152.08108108,1,1,0.00736402531492786,0.526038910703477
216,18,085,Santa Clara,183c,Sunnyvale South,Urban,9491.68457856,0.40669204,80899,0,2,78,1215.64102564,1,1,0.00251971531088202,0.231221659059232
217,18,085,Santa Clara,183d,Downtown San Jose,Urban,10656.51664254,0.43898973,40707,1,5,55,1388.72727273,4,1,0.00189942127190079,0.306090541307811
218,27,085,Santa Clara,183e,Alum Rock South/San Jose East,Urban,11006.11311409,0.34929155,54775,1,8,39,3348.79487179,3,5,0.00302249898277296,0.473240337052805
219,22,085,Santa Clara,183f,Cupertino/Rancho Rinconada/San Jose West/Saratoga,Urban,3574.46832758,5.35654332,111599,0,0,260,444.80769231,0,0,0.00842606420974334,0.510571036582272
220,24,085,Santa Clara,183g,Cambrian Village East/San Jose South Central,Urban,7376.681482,0.96396096,91734,1,6,13,9057.84615385,1,5,0.00417686083164881,0.358322726532189
221,24,085,Santa Clara,183h,San Jose Southeast,Urban,9772.16834286,0.29641356,75549,1,5,58,2335.60344828,2,3,0.00352772345286212,0.346794586313969
222,24,085,Santa Clara,183i,New Almaden/San Jose Southwest,Urban,1769.87929751,14.73748058,83897,0,1,184,593.88586957,1,0,0.015975833578068,0.765716350177112
223,17,085,Santa Clara,183j,San Jose Northwest,Urban,9531.93800872,0.77774166,53473,0,2,428,219.94859813,2,0,0.00254184828600046,0.308078142387
224,20,085,Santa Clara,183k,Evergreen/San Jose East Central,Urban,2376.55463464,5.99577378,80192,1,6,24,4425.04166667,1,5,0.0115340018269308,0.569234088585457
225,29,085,Santa Clara,183l,Alviso/Palo Alto Bayshore/Santa Clara Northwest/Sunnyvale North,Urban,2386.04499409,3.55268509,96520,0,2,194,663.96907216,2,0,0.0141318785877047,1.11846291740302
226,22,085,Santa Clara,183m,Cambrian Village West/Campbell South/Los Gatos/Monte Sereno/San Tomas,Urban,1246.84564076,1.11292916,91984,0,1,271,387.57933579,1,0,0.0216123109307773,0.867842904170022
227,25,085,Santa Clara,183n,Santa Clara South and West,Urban,9516.12987631,0.97096683,100609,0,3,79,1634.11392405,1,2,0.00351446075501372,0.318507309347532
228,23,085,Santa Clara,183o,Milpitas West/Santa Clara Northeast,Urban,5019.95809127,0.4962008,107588,0,2,92,1409.41304348,1,1,0.00668228730546616,0.50526803305472
229,8,087,Santa Cruz,184,Freedom/Watsonville,Urban,6333.79579322,1.14336999,10968,0,4,64,863.265625,4,0,0.00229996432335611,0.235361535243221
230,25,087,Santa Cruz,185.1,Aptos/Capitola/Live Oak/Rio del Mar/Santa Cruz,Urban,4244.11246334,0.75495638,95506,0,3,216,527.21759259,3,0,0.0074515944866107,0.881250765031435
231,1,087,Santa Cruz,185.2,Davenport,Rural,37.87906157,112.88558435,3598,1,8,0,0,3,5,0.0296313098388055,0.969277160942908
232,8,087,Santa Cruz,185.3,Ben Lomond/Felton/Scotts Valley,Urban,588.26037043,3.05801805,36227,0,2,33,1242.90909091,1,1,0.0178178329265393,1.01738884187394
233,3,087,Santa Cruz,185.4,Boulder Creek,Rural,186.69420436,19.33527426,15218,0,4,7,2235.57142857,1,3,0.0226313438706711,1.21843989571261
234,7,087,Santa Cruz,185.5,Amesti/Corralitos/Day Valley/Interlaken/Pajaro Dunes,Rural,198.04162487,5.04470981,18280,1,6,3,9507,1,5,0.0373670786111688,1.79771638161064
235,8,089,Shasta,186,Anderson/Cottonwood/French Gulch/Happy Valley/Igo/Ono/Platina/Shasta,Rural,46.00576537,4.2092349,29838,1,9,11,3046.36363636,4,5,0.199037052913354,3.44394063460201
236,1,089,Shasta,187,Castella/Lakehead/O’Brien,Frontier,2.91153623,490.11926562,1370,1,10,0,0,5,5,0.135849396349386,2.15109150982169
237,1,089,Shasta,188.1,Big Bend/Montgomery Creek/Oak Run/Round Mountain,Frontier,5.37229864,922.88242536,4742,1,5,2,2429.5,2,3,0.255324134240254,3.06881528591832
238,2,089,Shasta,188.2,Manton/Millville/Shingletown/Viola,Frontier,10.73262397,311.3645337,5797,1,7,2,3074.5,2,5,0.162451874089129,2.58474965526121
239,1,089,Shasta,189.1,Palo Cedro,Rural,183.40317634,25.76836505,4526,1,6,1,4522,1,5,0.00709431530867732,0.430848492190269
240,26,089,Shasta,189.2,Redding,Urban,1000.44789828,1.92761619,91306,0,3,174,562.81609195,3,0,0.0275020247017892,1.03975562813385
241,7,089,Shasta,189.3,Bella Vista/City of Shasta Lake,Rural,201.30336935,20.92787539,18503,1,8,5,4090.2,3,5,0.0275319115917227,1.09132706805931
242,17,013,Contra Costa,18a,Crockett/Hercules/Martinez West/Pinole/Port Costa/Richmond Northeast/Rodeo,Urban,1039.07670361,0.24155107,69975,0,1,248,353.24596774,1,0,0.0220549043683604,1.04773972498195
243,18,013,Contra Costa,18b,Concord West/Martinez East/Martinez Waterfront/Pacheco/Pleasant Hill East,Urban,3759.34288357,0.77546338,54113,1,8,18,4523.38888889,3,5,0.00556630586834217,0.612177164707996
244,16,013,Contra Costa,18c,Avon/Clyde/Concord Central/Pittsburg Southwest,Urban,1774.89330087,1.08874283,68868,0,2,74,1236.93243243,1,1,0.0133155141702446,0.703804876290926
245,20,013,Contra Costa,18d,Antioch North and West/Nichols/Pittsburg Central and East/West Pittsburg,Urban,3237.83733218,0.8969624,52869,1,5,70,1430.94285714,4,1,0.00812416722510534,0.600320628308836
246,19,013,Contra Costa,18e,Brentwood Central and West/Oakley,Urban,1564.97616909,5.30833866,94611,0,3,84,1569.41666667,1,2,0.0219270258144206,1.00439579853093
247,18,013,Contra Costa,18f,Richmond Central/San Pablo Central,Urban,5410.24109385,0.75650291,46293,0,4,107,947,4,0,0.00489551043801839,0.602327643689649
248,23,013,Contra Costa,18g,El Cerrito/El Sobrante/Kensington/Richmond North/Richmond Southeast/Wildcat Canyon,Urban,4343.56334074,0.3971197,64316,1,7,18,4455.55555556,2,5,0.00488581662511933,0.394844056974751
249,23,013,Contra Costa,18h,Alamo/Danville/Diablo/San Ramon,Urban,807.57038358,5.7279818,127461,0,1,111,1248.63063063,0,1,0.0446149949257233,1.25301635871387
250,24,013,Contra Costa,18i,Lafayette/Martinez South/Moraga/Orinda/Pleasant Hill/Rheem Valley/Rossmoor Leisure World/Walnut Creek Southwest,Urban,1459.87241362,1.69603355,102297,0,1,132,845.34848485,1,0,0.0204370645042218,0.927541696500159
251,19,013,Contra Costa,18j,Clayton/Concord South/Walnut Creek Central and East,Urban,1509.73238908,0.6176135,91025,0,1,330,309.05757576,1,0,0.0175057025103342,0.840090211961661
252,7,015,Del Norte,19,Crescent City/Gasquet/Klamath/Smith River,Rural,27.97907456,805.68404426,22835,0,4,29,824,4,0,0.284119318230751,3.10872192681426
253,2,089,Shasta,190,Burney/Cassel/Fall River Mills/Hat Creek/McArthur,Frontier,8.10549952,390.68621068,6530,1,5,4,1836.75,3,2,0.24795770198989,2.6511284950907
254,1,091,Sierra,191,Alleghany/Calpine/Downieville/Goodyear Bar/Sattley/Sierra City/Sierraville,Frontier,3.25063854,961.9648463,2736,1,7,0,0,2,5,0.261195242589565,3.0639366812186
255,1,093,Siskiyou,193,Happy Camp,Frontier,1.68725782,1235.73289997,1847,1,10,0,0,5,5,0.346426517120562,3.47970840152381
256,2,093,Siskiyou,194,Etna/Fort Jones/Greenview,Frontier,3.40311184,212.62127646,4795,1,5,3,1726,3,2,0.405478291510008,4.08845026618864
257,5,093,Siskiyou,195,Gazelle/Grenada/Hilt/Hornbrook/Yreka,Rural,15.40531478,276.56115112,14958,1,5,22,736.54545455,5,0,0.295643613561424,3.61512074498728
258,1,093,Siskiyou,196,Tulelake,Frontier,4.05968602,349.28809631,733,1,9,0,0,4,5,0.0979865747867734,1.83872090464127
259,2,093,Siskiyou,197,Carrick/Edgewood/Mount Shasta/Weed,Rural,35.62491313,157.77210302,12501,0,3,20,673.75,3,0,0.111158704014088,2.12586390689663
260,1,093,Siskiyou,198,Dunsmuir,Rural,23.23916307,90.53682329,1852,1,6,1,1982,4,2,0.0251818210367674,0.969385171043447
261,1,093,Siskiyou,199,McCloud/Tennant,Frontier,1.29939357,1235.19158356,1296,1,9,0,0,4,5,0.344526547455189,2.92960533920715
262,1,093,Siskiyou,200,Dorris/Macdoel/Mount Hebron,Frontier,3.60505224,530.08940518,1356,1,9,0,0,4,5,0.148867586315646,2.08151652420854
263,4,095,Solano,201,Dixon,Rural,117.78681177,171.78262867,13189,1,5,10,2197.5,2,3,0.0486759133668784,1.0037091097436
264,21,095,Solano,202a,Vacaville,Urban,727.47066142,0.42243138,78469,0,2,121,793.80991736,2,0,0.037251534879033,0.933459964126196
265,28,095,Solano,202b,Fairfield,Urban,2030.84546829,5.49163101,78985,0,3,227,482.07488987,3,0,0.014416995130432,0.801534742311665
266,5,095,Solano,203.1,Benicia/Collinsville/Suisun City,Rural,155.42672082,112.40265146,28192,0,2,32,1090.59375,1,1,0.0580987866683245,1.61537177895531
267,1,095,Solano,203.2,Rio Vista,Rural,36.39246142,233.89459431,7562,1,7,0,0,2,5,0.0623086485938984,1.24868002323104
268,37,095,Solano,204,Vallejo,Urban,2298.40230126,1.07383189,110362,0,3,184,778.22826087,3,0,0.0164532492972285,0.722124682336216
269,4,097,Sonoma,205.1,Geyserville/Healdsburg,Rural,137.80167684,1.35183554,11353,0,1,34,472.41176471,1,0,0.0307972664763838,1.35319849703644
270,6,097,Sonoma,205.2,Windsor,Urban,721.69618143,14.47249784,21077,1,6,6,5008,1,5,0.0110199525529424,0.820070514294601
271,3,097,Sonoma,206,Cloverdale,Rural,45.45610242,224.00407531,9617,1,6,5,2730,2,4,0.0825421207287036,1.82088046425673
272,7,097,Sonoma,207,Forestville/Fort Ross/Guerneville/Jenner/Monte Rio/Occidental/Sea Ranch,Rural,44.44839452,17.98114358,20572,1,5,10,2350.9,2,3,0.133919829508159,3.18250042374935
273,9,097,Sonoma,208,Boyes Hot Springs/Glen Ellen/Kenwood/Sonoma/Vineburg,Urban,297.33839656,23.73795492,31220,0,4,28,1513.85714286,2,2,0.039230800205587,1.3712167949917
274,26,097,Sonoma,209.1,Petaluma,Urban,953.93177811,10.43781172,101310,0,3,97,1385.01030928,2,1,0.0378517040967381,1.35759479656849
275,3,097,Sonoma,209.2,Two Rock/Valley Ford,Rural,242.89685064,5.33455883,11965,1,6,5,2822.8,2,4,0.0155084359398643,0.592740898775503
276,36,097,Sonoma,210.1,Santa Rosa,Urban,1102.48037107,8.0073079,140493,0,2,359,540.74651811,2,0,0.0466588351796418,1.4192290672858
277,5,097,Sonoma,210.2,Bodega/Sebastopol,Rural,191.39409829,3.34762205,18509,0,2,32,638.375,2,0,0.027930976960306,1.24839524366806
278,10,099,Stanislaus,211,Oakdale/Riverbank,Rural,199.35514418,86.88623714,36527,1,7,20,2903,3,4,0.0750232412519836,1.5046024858751
279,13,099,Stanislaus,212.1,Denair/Turlock,Urban,1498.7959072,0.40697549,48334,0,3,77,973.48051948,3,0,0.0130962448702121,0.663561770654354
280,3,099,Stanislaus,212.2,Keyes,Rural,219.27203947,52.23889403,8228,1,10,0,0,5,5,0.020343029090327,0.799979159341012
281,5,099,Stanislaus,212.3,Salida,Rural,202.57978763,1.53203016,14525,1,8,0,0,3,5,0.034798656923158,1.27413306285689
282,5,099,Stanislaus,213,Crows Landing/Empire/Grayson/Newman/Patterson/Westley,Rural,64.07303217,247.80041631,14929,1,8,15,2593.86666667,4,4,0.161686712111077,2.0782253744295
283,8,099,Stanislaus,214,Hughson,Rural,158.74635466,108.75870373,25674,1,9,12.5,3769.76,4,5,0.0779620499920384,1.46227371798267
284,15,099,Stanislaus,215a,Modesto West,Urban,2556.02046072,0.67715032,55311,0,3,196.5,409.25699746,3,0,0.00831127689025379,0.603107989987342
285,16,099,Stanislaus,215b,Modesto East,Urban,5714.85497462,0.74963543,63712,0,3,143,625.04195804,3,0,0.0040984450470205,0.353447127793508
286,19,099,Stanislaus,215c,Ceres/Modesto South Central,Urban,5091.05314417,0.30294514,30541,1,8,42,2144.92857143,5,3,0.00462045128915634,0.344084258600656
287,18,101,Sutter,216,Meridian/Robbins/Yuba City,Rural,192.31558224,1.74890777,59856,0,3,121,673.39669421,3,0,0.114797146265573,2.11243160468408
288,1,101,Sutter,217,Nicolaus/Pleasant Grove,Rural,18.15838653,132.88625594,2060,1,7,0,0,2,5,0.0357197416237796,0.902192419975643
289,2,101,Sutter,218,Live Oak,Rural,210.57383571,9.00294519,5220,1,9,1,9913,4,5,0.0134393574671776,0.675915163206372
290,1,103,Tehama,219,Paskenta/Rancho Tehama,Frontier,3.91687626,1287.50556909,4066,1,10,0,0,5,5,0.352009716282737,3.43493684220885
291,2,017,El Dorado,22,Garden Valley/Georgetown/Greenwood/Kelsey/Volcanoville,Rural,15.9310806,138.13019641,8829,1,6,0,0,1,5,0.166448632708125,2.75356133053406
292,1,103,Tehama,220,Dairyville/Manton/Mineral/Paynes Creek,Frontier,3.57007806,1158.79819217,3645,1,8,0,0,3,5,0.317517495063385,3.14307712990342
293,6,103,Tehama,221,Gerber/Los Flores/Proberta/Red Bluff,Rural,131.84186579,96.51470991,29646,0,3,39,915.71794872,3,0,0.0748088374516556,1.96237406779268
294,3,103,Tehama,222,Corning/Los Molinos/Tehama/Vina,Rural,74.40459476,106.28635076,11388,1,9,2,8862,4,5,0.0662782381450597,1.28832137481294
295,1,105,Trinity,223,Junction City/Salyer,Frontier,3.24919275,749.72468215,2124,1,8,0,0,3,5,0.207465102098013,3.04414113614773
296,2,105,Trinity,224,Douglas City/Lewiston/Trinity Center/Weaverville,Frontier,7.05814242,449.3220304,6837,1,5,3.5,1955.14285714,3,2,0.283776533573928,3.69195686217939
297,1,105,Trinity,225,Forest Glen/Hayfork/Hyampom/Peanut,Frontier,5.4703555,600.14381164,2844,1,9,0.5,6432,4,5,0.165218825341526,2.27146605589581
298,1,105,Trinity,226,Kettenpom/Mad River/Ruth/Xenia,Frontier,0.82249989,832.82686019,750,0,4,1,793,4,0,0.228092838034627,2.45114143395573
299,6,107,Tulare,227.1,Dinuba,Urban,284.22034012,53.77760706,6699,1,8,14.16666667,2423.43529413,5,3,0.0306637516378032,0.815474228781724
300,3,107,Tulare,227.2,Cutler-Orosi,Urban,256.36647775,22.38584757,2279,1,10,3.16666667,5908.73684223,5,5,0.0191541073295411,0.890085800384766
301,3,107,Tulare,228.1,Ivanhoe/Woodlake,Rural,201.65947763,58.9341961,4275,1,7,9,1711.88888889,5,2,0.019769470879055,0.869001323126394
302,8,107,Tulare,228.2,Exeter/Lemon Cove/Lindsay/Strathmore,Rural,259.94272509,2.19639519,14969,1,10,11.5,3710,5,5,0.0437475359854034,1.29500610607543
303,1,107,Tulare,229,Three Rivers,Frontier,4.72811115,1057.92775207,3746,1,6,0,0,1,5,0.275677623070806,3.11852000046908
304,13,017,El Dorado,23.1,Cameron Park/El Dorado Hills/Shingle Springs,Urban,763.48444933,23.92260468,61913,0,4,29,2354.06896552,1,3,0.0240838011836786,0.883091223123573
305,7,017,El Dorado,23.2,Camino/Pollock Pines,Rural,40.5926127,12.88863315,22278,1,7,2,11911.5,2,5,0.156514880881787,2.54641157064521
306,10,017,El Dorado,23.3,Cool/Diamond Springs/Latrobe/Pilot Hill/Placerville,Rural,181.94402507,19.62582083,44501,0,2,58,852.68965517,2,0,0.0731093671565759,2.87373961878059
307,15,107,Tulare,230,Tipton/Tulare/Woodville,Rural,220.12818266,1.00112947,31467,1,7,38,2008.02631579,4,3,0.0894782156806286,1.39709776602541
308,17,107,Tulare,231,Alpaugh/Earlimart/Pixley/Porterville/Rich Grove/Terra Bella,Rural,157.07438775,3.09494337,29928,1,6,77,1317.20779221,5,1,0.165927270892098,2.52848549049802
309,1,107,Tulare,232,Springville,Frontier,2.56174283,2202.01650972,4565,0,3,8,706.75,3,0,0.571011653204096,4.73281737937605
310,24,107,Tulare,233,Farmersville/Goshen/Visalia,Urban,944.92859081,0.60894207,74158,1,5,142,1045.94366197,4,1,0.0406883033579106,1.0765581554564
311,2,109,Tuolumne,234.1,Chinese Camp,Rural,24.24986604,211.22574188,3505,0,0,3,684.66666667,0,0,0.0560335163827403,1.61547150847973
312,4,109,Tuolumne,234.2,Columbia/Jamestown/Sonora,Rural,50.14773433,7.43391431,18930,0,3,38,523.57894737,3,0,0.113846432307582,2.94359354280439
313,1,109,Tuolumne,235,Big Oak Flat/Groveland,Frontier,4.13810828,848.93863673,3228,1,5,2,1716.5,3,2,0.22533403764055,3.80597869999131
314,4,109,Tuolumne,236,East Sonora/Mi-Wuk Village/Soulsbyville/Tuolumne City/Twain Harte,Rural,31.33645176,151.91123259,22636,1,5,12,2095,2,3,0.209254427384622,3.1373711364236
315,14,111,Ventura,237,Fillmore/Los Padres National Forest/Piru/Santa Paula/Saticoy,Rural,59.90186387,14.45416321,21635,1,6,27.5,2470.4,3,3,0.288369906960725,3.27515210191686
316,9,111,Ventura,238,Meiners Oaks/Oak View/Ojai,Rural,166.73293144,39.53145189,24675,0,3,23,1388.65217391,2,1,0.0483938944332749,1.56445076795521
317,23,111,Ventura,239,Camarillo/Moorpark,Urban,731.79411142,7.20798577,77853,0,2,74,1447.91891892,1,1,0.036717275412002,1.23585365128776
318,10,017,El Dorado,24,South Lake Tahoe,Rural,173.07402821,6.6749339,21533,0,4,29,1004.96551724,3,1,0.0454578179706004,1.29868028804751
319,19,111,Ventura,240a,Simi Valley East,Urban,1072.0105796,15.01200021,75126,0,3,60,1551.88333333,1,2,0.0218905602266659,0.94620439454445
320,24,111,Ventura,240b,Thousand Oaks Central and West,Urban,850.1758485,1.84624822,93621,0,1,156,717.61538462,1,0,0.0344155615148338,0.939347460984474
321,18,111,Ventura,240c,Simi Valley West/Thousand Oaks East,Urban,2087.47292999,2.25092721,67656,0,3,48,1814.83333333,1,2,0.0104314573957254,0.601672960419883
322,23,111,Ventura,241a,Oxnard East/Oxnard West/Oxnard South Central/Port Hueneme,Urban,1502.16586636,0.55730606,44993,1,7,26,4138.57692308,2,5,0.0182162812482147,1.64482493500279
323,23,111,Ventura,241b,Oxnard North Central,Urban,6320.74964096,0.33170489,25786,0,4,126,1063.30952381,3,1,0.00527004147033949,0.375938995851056
324,20,111,Ventura,241c,Ventura,Urban,2739.86323212,1.632153,59925,0,2,262,340.19083969,2,0,0.00827977300195926,0.609968287967153
325,1,113,Yolo,242,Winters,Rural,76.64263605,112.19603661,4407,0,2,6,1378.16666667,1,1,0.0300395347085214,0.941415479600201
326,1,113,Yolo,243,Esparto/Rumsey,Rural,15.42415077,322.54612098,2862,1,7,0,0,2,5,0.0866104490414727,1.70656451234949
327,16,113,Yolo,244,Davis,Urban,1045.71267134,0.33621589,62735,1,5,134,499.23880597,5,0,0.018548659134467,0.675685365371189
328,10,113,Yolo,245,Bryte/Broderick/Clarksburg/Riverview/West Sacramento,Urban,289.7710102,7.9575125,37312,1,8,17,3242.41176471,3,5,0.0497445399614662,1.5598683452088
329,12,113,Yolo,246.1,Woodland,Urban,519.88064921,104.45828557,31560,0,2,69,858.04347826,2,0,0.0302769376157812,1.11654574028838
330,1,113,Yolo,246.2,Knights Landing,Rural,16.5632322,220.54874046,2037,1,8,0,0,3,5,0.0592449131941066,1.51488131808929
331,1,115,Yuba,247,Browns Valley/Brownsville/Dobbins/Oregon House,Rural,19.75303454,222.54808451,4178,1,10,0,0,5,5,0.0603147374345099,1.46377721670349
332,1,115,Yuba,248,Wheatland,Rural,98.25340348,42.28861142,3229,1,8,0,0,3,5,0.0113952262790917,0.5467455462865
333,12,115,Yuba,249,Marysville,Rural,168.85032351,0.95980999,46471,1,5,54,1181.94444444,4,1,0.102385934790163,2.01139462422941
334,4,019,Fresno,25,Firebaugh/Mendota,Rural,28.83671627,502.65161301,1557,1,10,6,3691.33333333,5,5,0.197224919158543,2.24404444767905
335,1,019,Fresno,26,Cantua Creek/San Joaquin/Tranquility,Rural,21.60995769,316.9372239,674,1,10,1,6765,5,5,0.0826292328142699,1.27661066111262
336,4,019,Fresno,27,Coalinga,Rural,30.49779055,2.99773489,10044,1,7,8.5,1719.29411765,5,2,0.185282224368166,2.1821013503652
337,2,019,Fresno,28,Huron,Rural,25.70050644,202.23952564,346,1,10,1,7840,5,5,0.0819231570058037,1.18701301114
338,6,019,Fresno,29,Biola/Herndon/Highway City/Kerman,Rural,156.85477519,6.64469623,16347,1,9,7,5896.57142857,4,5,0.062733035331803,1.60132113513238
339,25,001,Alameda,2a,Berkeley South and West/Emeryville/Oakland Northwest,Urban,11547.90514202,0.22679856,79443,0,4,119,700.18487395,4,0,0.00206043516800491,0.514025205094014
340,35,001,Alameda,2b,Albany/Berkeley East and North/Claremont/Cragmont/Forest Park/Rockridge/Temescal/Thousand Oaks,Urban,7322.49307699,0.71529953,101155,0,1,278.5,392.8940754,1,0,0.0039636998185415,0.488456343272741
341,29,001,Alameda,2c,Oakland West Central,Urban,10976.16846768,0.08793611,68948,1,5,354.5,242.13822285,5,0,0.00200261241934641,0.38787642827093
342,28,001,Alameda,2d,Fruitvale/Melrose/Oakland Airport,Urban,7555.87445752,0.3481727,74440,1,7,73,1824.90410959,5,2,0.00458424254566125,0.561396862442114
343,19,001,Alameda,2e,Alameda/Jack London Square/Oakland Inner Harbor,Urban,6086.40201595,0.49146814,60947,0,2,97,723.36082474,2,0,0.00302743374822967,0.713659470677036
344,24,001,Alameda,2f,Castro Valley Central and North/Oak Knoll/San Leandro Northeast/Sheffield Village/Union City East,Urban,1096.15048564,2.79571632,86954,0,2,72,1467.44444444,1,1,0.0250495064651659,1.24969353816221
345,19,001,Alameda,2g,San Leandro West/San Lorenzo West/Hayward West,Urban,2946.96572096,2.48718162,70461,0,2,161,624.13043478,2,0,0.00872177446080968,0.690633193885062
346,24,001,Alameda,2h,Ashland/Brookfield Village/Castro Valley South/Elmhurst/Hayward Northeast/San Leandro North Central/San Lorenzo East,Urban,10396.00867192,0.44158243,64382,1,5,58,1976.77586207,3,2,0.0028274464639253,0.402078342980638
347,20,001,Alameda,2i,Fremont South/Mission San Jose/Newark South/Warm Springs,Urban,1499.67002162,0.47646281,79847,1,6,25,3805.56,1,5,0.0164237171825334,0.998351050305387
348,17,001,Alameda,2j,Centerville/Fremont West/Irvington/Newark East Central,Urban,10465.80258488,0.29680881,68971,0,1,246,375.05691057,1,0,0.00228249255542323,0.343834097167105
349,23,001,Alameda,2k,Dublin/Pleasanton/Santa Rita/Sunol,Urban,1854.63503836,0.62569375,103051,0,0,179,658.38547486,0,0,0.0161234073070773,0.821969309578068
350,23,001,Alameda,2l,Fremont East/Niles/Union City Central,Urban,4516.88760716,0.63108865,104175,0,2,100,1194.05,1,1,0.0067491370314201,0.645004621437881
351,31,001,Alameda,2m,Dimond/Montclair/Oakland East/Oakmore/Piedmont/Piedmont Pines/Trestle Glen,Urban,6779.53454477,0.75509147,104862,0,2,400,294.405,2,0,0.00458322635768127,0.494447114548591
352,24,001,Alameda,2n,Hayward Central,Urban,8364.99119976,2.03683664,62832,1,7,20,5848.3,2,5,0.00373867162170427,0.473214110796191
353,1,003,Alpine,3,Alpine Village/Bear Valley/Kirkwood/Markleeville/Mesa Valley/Woodfords,Frontier,1.56757159,743.18774696,1116,1,8,0,0,3,5,0.199044079284249,2.17419697411256
354,19,019,Fresno,30,Bowles/Caruthers/Easton/Kingsburg/Lanare/Laton/Raisin City/Riverdale/Selma,Rural,195.22502783,72.1688582,32597,1,9,34.33333333,2699.53398059,5,4,0.123745666226114,1.75192705159742
355,23,019,Fresno,31,Auberry/Calwa/Centerville/Clovis East/Del Rey/Fowler/Friant/Sanger/Shaver Lake,Rural,45.72428135,21.96181489,57857,1,7,31.66666667,3095.17894737,2,5,0.553373801694761,4.89299466265638
356,11,019,Fresno,32,Orange Cove/Parlier/Reedley/Squaw Valley/Tivy Valley/Wonder Valley,Rural,65.4266059,829.63820425,15419,1,7,37.16666667,1720.78923767,5,2,0.24788908092296,3.8276316617143
357,27,019,Fresno,35a,Fresno Northwest,Urban,3383.96178149,2.19877968,99950,0,1,191.66666667,700.96695652,1,0,0.0104184191600325,0.858571411222862
358,21,019,Fresno,35b,Clovis West/Fresno East,Urban,3005.34378071,1.24922025,67286,1,8,15.5,6890.90322581,3,5,0.00882579189101307,0.618337662387487
359,20,019,Fresno,35c,Fresno West Central,Urban,6845.72118231,0.49553136,35392,1,5,109.16666667,749.6610687,5,0,0.00320618179148369,0.252897001800189
360,23,019,Fresno,35d,Fresno East Central,Urban,7502.29856732,0.50516953,39445,1,10,20.33333333,4826.16393443,5,5,0.00352240555002936,0.298941004154385
361,18,019,Fresno,35e,Fresno South and West,Urban,3869.07544348,1.3140719,35953,1,10,7,13009.85714286,5,5,0.00609987371535681,0.583934184858654
362,20,019,Fresno,35f,Fresno North Central,Urban,4924.58395079,0.50077386,50063,1,5,106.83333333,749.1950078,5,0,0.00429264772310489,0.383765263465546
363,2,021,Glenn,36.1,Orland,Rural,225.49321399,52.20603892,7265,1,10,4,3288.75,5,5,0.01596125396145,0.642139634308356
364,1,021,Glenn,36.2,Hamilton City,Rural,55.79299389,62.96489496,1392,1,6,2,1897.5,4,2,0.0171307942268868,0.693429958098806
365,3,021,Glenn,37,Artois/Elk Creek/Glenn/Grindstone Indian Rancheria/Willows,Frontier,9.38884134,206.31349531,8456,1,7,2,5309,2,5,0.327304915474087,3.20803509417647
366,2,023,Humboldt,38,Hoopa/Willow Creek,Frontier,6.01034336,141.68572113,5143,1,10,1,5522,5,5,0.25762862375359,3.33532537921402
367,15,023,Humboldt,39,Arcata/Eureka,Rural,164.36672952,3.71906266,65515,0,4,89,800.62921348,4,0,0.121988417380635,3.13589983102857
368,6,005,Amador,4,Ione/Jackson/Pine Grove/Sutter Creek,Rural,95.55088243,43.72091242,22919,0,2,34,704.85294118,2,0,0.0741143572413421,1.87432574392656
369,5,023,Humboldt,40,Bluelake/McKinleyville/Orick/Trinidad,Rural,44.79348366,3.87016234,21176,1,5,11,2068.81818182,2,3,0.145705362244371,2.65441651316419
370,6,023,Humboldt,42,Ferndale/Fortuna/Rio Dell/Scotia,Rural,26.78462355,2.72627895,21816,1,7,8,3106.375,2,5,0.262355716392904,3.63747080269696
371,2,023,Humboldt,44,Garberville/Redway,Frontier,9.94328307,340.84552639,7286,1,10,2,3626.5,5,5,0.201355837972187,2.2478053702828
372,1,025,Imperial,46,Bard/Winterhaven,Rural,57.72716597,44.93551617,1586,1,10,0,0,5,5,0.0112018279783115,0.768858442589542
373,4,025,Imperial,47,Bombay Beach/Calipatria/Desert Shores/Niland/Salton City/Salton Sea Beach,Frontier,6.18751154,198.48753355,5154,1,6,9,1295.33333333,5,1,0.705690092756413,4.81487334666871
374,14,025,Imperial,48,El Centro/Heber/Holtville/Imperial/Seeley,Rural,248.01188359,0.79040859,16852,1,9,26.33333333,3175.67088608,4,5,0.0828437728216613,1.35316473978302
375,6,025,Imperial,49,Calexico/Ocotillo,Rural,44.31549621,1.02841827,3760,1,10,9.83333333,4179.35593222,5,5,0.251572224842221,3.20957420067381
376,1,005,Amador,5,Plymouth,Rural,38.72005411,124.81904043,4115,0,4,2,1973,2,2,0.0333744590475362,1.34265926405742
377,6,025,Imperial,50,Brawley/Westmorland,Rural,101.72517349,3.34002093,5584,1,6,27.5,1038.61818182,5,1,0.0690607567264578,1.52967119931433
378,4,027,Inyo,53,Bishop/Bishop Paiute Tribe/Mustang Mesa/Round Valley/West Bishop/Wilkerson,Rural,17.54679924,4.58596537,10299,0,2,24,524.83333333,2,0,0.193704238477949,2.46639926511876
379,1,027,Inyo,54,Aberdeen/Big Pine/Big Pine Reservation/Fort Independence Indian/Independence,Frontier,0.92134407,2624.42672296,2199,1,7,0,0,2,5,0.687690727363133,4.61348290975999
380,1,027,Inyo,55,Alabama Hills/Cartago/Darwin/Keeler/Lone Pine/Lone Pine Paiute Shoshone Tribe/Olancha/Pearsonville,Frontier,0.45960271,6866.80029454,2211,0,3,5,549.2,3,0,1.78333063758964,8.04108960902267
381,2,029,Kern,57.1,Fort Tejon/Frazier Park/Lebec/Pine Mountain,Rural,18.33931084,414.67326007,7096,1,6,4,2024.5,3,3,0.109755551744911,1.73213869171964
382,5,029,Kern,57.2,Blackwell’s Corners/Ford City/Maricopa/McKittrick/Taft,Rural,30.20923585,92.34521661,13972,1,10,6,3219.33333333,5,5,0.184954037573334,2.92275036524697
383,5,029,Kern,58.1,Shafter,Rural,136.98222735,84.91884909,5504,1,9,5,4000,4,5,0.0416274856338532,1.02183647894872
384,5,029,Kern,58.2,Lost Hills/Wasco,Rural,31.43590905,0.72036272,6398,1,10,6,3973.33333333,5,5,0.243744187311222,2.5301382927525
385,1,029,Kern,59,Buttonwillow,Rural,20.99815832,186.73066178,1444,1,9,0,0,4,5,0.0479831542484135,1.12754032694979
386,2,005,Amador,6,Pioneer,Rural,29.79743394,179.2094145,5401,1,7,1,4956,2,5,0.0544653230899712,1.65708315850226
387,10,029,Kern,60,Delano/McFarland,Urban,306.51064909,1.80792001,15474,1,7,31,1938.61290323,5,2,0.0580982441260858,1.06849033158884
388,8,029,Kern,61,Arvin/Lamont/Weed Patch,Rural,218.67201227,34.46275175,3892,1,10,10,4368.8,5,5,0.0507172717002504,1.11273218576575
389,7,029,Kern,62,Bear Valley Springs/Keene/Stallion Springs/Tehachapi,Rural,27.62449486,5.93460223,26048,1,5,14.5,2086.62068966,2,3,0.339385400508036,3.12023044007224
390,3,029,Kern,63,Alta Sierra/Bodfish/Glennville/Kernville/Lake Isabella/Weldon/Wofford Heights,Frontier,8.96724942,962.10942689,14431,1,10,5,3063.2,5,5,0.433719457136249,4.1220439302637
391,6,029,Kern,64,Inyokern/Ridgecrest,Rural,85.53874224,2.03864018,29766,0,3,35,994.62857143,3,0,0.103127772149037,1.65993429451881
392,9,029,Kern,65,Boron/California City/Desert Lake/Mojave/North Edwards/Rosamond,Rural,31.0982444,22.77805686,29374,1,9,2,21316.5,4,5,0.360795221994067,3.08058469674551
393,21,029,Kern,66a,Bakersfield Northeast/Oildale,Urban,627.87637415,1.0975318,62656,0,4,199,536.9798995,4,0,0.0432203879081499,1.31935357012798
394,24,029,Kern,66b,Bakersfield East/Lakeview/La Loma,Urban,3675.47676864,1.03329319,38446,1,9,49,2917.87755102,5,4,0.00983974156997647,0.449317537035919
395,22,029,Kern,66c,Bakersfield Southwest,Urban,809.86170496,0.63769699,82109,1,8,22,7359.59090909,3,5,0.0499664735125407,1.15081212048162
396,23,029,Kern,66d,Bakersfield Northwest/Rosedale,Urban,1555.43903135,1.26703668,88750,0,1,211,571.06161137,1,0,0.0192416446416246,0.681701888837992
397,2,031,Kings,67,Avenal,Rural,49.09700185,304.74813657,3027,1,7,4.5,1970.88888889,5,2,0.0790046481442914,1.23469611992164
398,6,031,Kings,68,Corcoran/Kettleman City/Stratford,Rural,43.95441065,1.97546889,10228,1,7,9.5,1944.42105263,5,2,0.175631344554404,1.85973458572347
399,19,031,Kings,69,Armona/Hanford/Lemoore,Urban,262.43763784,25.62183514,59224,1,5,67,1566.02985075,3,2,0.10594895224267,1.64372732804579
400,22,007,Butte,7.1,Chapmantown/Chico,Urban,2664.83902219,1.02672824,80527,0,4,118,802.6779661,4,0,0.00978662304805766,0.671363922722258
401,1,007,Butte,7.2,Capay/Lake/Nord,Rural,45.63460829,125.36537979,5295,0,3,3,1867.33333333,1,2,0.0341370980690954,1.24359361730082
402,1,007,Butte,7.3,Butte Meadows/Cohasset/Forest Ranch,Rural,24.29526744,215.72102519,4256,1,6,1,4636,1,5,0.0588500085646047,1.91752715575808
403,1,007,Butte,7.4,Durham,Rural,39.73331345,136.7869812,4901,1,8,0,0,3,5,0.0371524501711065,1.06212583199704
404,3,033,Lake,70.1,Kelseyville/Lakeport,Rural,132.18328772,73.56325083,11395,0,3,25,590.24,3,0,0.0320113552625116,1.18472836616151
405,3,033,Lake,70.2,Lucerne/Nice/Upper Lake,Rural,12.99357331,465.02860307,7355,1,9,3,2860.33333333,5,4,0.170954689272548,2.76328398339296
406,5,033,Lake,71.1,Clearlake/Clearlake Oaks,Rural,100.23508832,125.62032614,15193,1,6,14,1343.35714286,5,1,0.0508956631665569,1.75169233703848
407,2,033,Lake,71.2,Lower Lake,Rural,52.85615315,50.91569642,8961,1,8,1,9932,3,5,0.0525912774323842,1.66804623063011
408,2,033,Lake,71.3,Cobb/Hidden Valley/Middletown,Rural,57.07551286,122.67056851,9704,1,7,3,3729.33333333,2,5,0.0520847070292803,1.50975262390999
409,6,035,Lassen,72,Susanville,Rural,60.83169866,59.84219743,20864,0,3,26,614.11538462,3,0,0.115671989085968,2.20876398418341
410,1,035,Lassen,73,Bieber/Madeline/Nubieber,Frontier,0.89445509,2935.86567743,1478,1,7,0,0,2,5,0.812165660609935,4.66767077886608
411,1,035,Lassen,74,Doyle,Frontier,5.83247565,599.91677833,2667,1,6,0,0,1,5,0.164183011191199,2.65717075950581
412,1,035,Lassen,75,Westwood,Frontier,2.99109972,762.93009684,2307,1,9,0,0,4,5,0.209960381687324,2.62525966920105
413,27,037,Los Angeles,76.1a,Canyon Country/Santa Clarita West/Saugus,Urban,1365.17411222,26.34125486,100805,0,2,118,1056.23728814,1,1,0.0242925710995223,1.03158071593481
414,28,037,Los Angeles,76.1b,Newhall/Santa Clarita East/Valencia,Urban,1805.12271445,1.14303857,73122,1,7,38,3159.07894737,2,5,0.016430478012353,0.671249265046667
415,7,037,Los Angeles,76.2,Castaic/Val Verde,Rural,63.62070808,18.06323689,17208,1,6,1,25312,1,5,0.0994265848585201,2.08308386336813
416,21,037,Los Angeles,77.1a,Palmdale Central,Urban,1733.58477515,0.48490606,36624,1,9,14,7346.85714286,4,5,0.0145904936141505,0.691240998758548
417,20,037,Los Angeles,77.1b,Desert View Highlands/Lancaster West/Palmdale Northwest/Quartz Hill,Urban,2442.48320255,5.05589467,72524,0,2,103,951.19417476,2,0,0.0109946091160964,0.444635353008128
418,23,037,Los Angeles,77.1c,Lancaster Central/Palmdale North Central,Urban,1681.81069957,0.66148876,56573,1,8,48,2237.79166667,5,3,0.0163122234725961,0.717834992356545
419,6,037,Los Angeles,77.2,Lake Los Angeles,Rural,48.52525012,22.7501481,9420,1,10,0,0,5,5,0.0974782151549789,1.48400595820228
420,3,037,Los Angeles,77.3,Juniper Hills/Littlerock/Longview/Pearblossom/Valyermo,Rural,83.94672539,144.45097136,7128,1,8,0,0,3,5,0.0510992104757406,1.24307917721477
421,4,037,Los Angeles,77.4,Acton/Ravenna,Rural,50.89652041,31.86506764,8835,1,6,0,0,1,5,0.0570703401172068,1.77319072263918
422,7,037,Los Angeles,77.5,Elizabeth Lake/Gorman/Green Valley/Lake Hughes/Leona Valley/Neenach,Rural,61.13300111,82.41721283,19553,1,6,0.5,51816,1,5,0.105031264881063,2.65364003673026
423,2,037,Los Angeles,78.1,Avalon,Frontier,30.58377518,131.24837953,1295,1,7,0,0,2,5,0.0331645681546888,1.93258176843322
424,23,037,Los Angeles,78.2a,Echo Park/Hollywood North Central/Silverlake South,Urban,14031.79994162,0.22407487,55600,1,6,41,2037.82926829,3,3,0.00147569769615075,0.353729026758434
425,27,037,Los Angeles,78.2aa,Bel Air/Beverly Glen/Beverly Hills/Brentwood/Malibu/Pacific Palisades/Santa Monica Northwest/Topanga,Urban,765.7032141,6.21880354,93821,0,1,107,920.43925234,1,0,0.0332133803697161,1.69627541919528
426,25,037,Los Angeles,78.2aaaa,Harbor Gateway South/Lomita/Torrance East Central,Urban,6190.36224604,0.13029728,72080,0,2,512,223.65820313,2,0,0.00462218000529901,0.377261181444566
427,45,037,Los Angeles,78.2b,Pico-Union,Urban,31447.73191465,0.12932226,45938,1,7,77.5,1914.4516129,5,2,0.00122012874180655,0.206834665010811
428,27,037,Los Angeles,78.2bb,North Hollywood Central and North,Urban,13362.38851304,0.30181314,41168,1,9,24,4199.91666667,4,5,0.00193410356291679,0.238219277890467
429,20,037,Los Angeles,78.2bbb,Compton East,Urban,11713.26534838,0.53450373,23920,1,10,13,7075.07692308,5,5,0.00195747008183389,0.267018688204544
430,16,037,Los Angeles,78.2bbbb,Gardena West/Hawthorne,Urban,14230.26747907,0.2517209,41734,1,8,10,7767.8,3,5,0.00138514045215743,0.222551751581712
431,26,037,Los Angeles,78.2c,Bell Northeast/Bell Gardens/Commerce/Maywood/Montebello South,Urban,7644.8972859,0.39440702,7257,1,7,49,2397.18367347,4,3,0.00389510611171318,0.368524999150964
432,27,037,Los Angeles,78.2cc,Van Nuys Central,Urban,14729.60949823,0.26597548,46051,1,9,41,2569.07317073,5,4,0.00181577341481898,0.300889074285053
433,28,037,Los Angeles,78.2ccc,Huntington Park/South Gate West/Walnut Park,Urban,19976.48461068,0.1006866,2737,1,6,62,1689.82258065,4,2,0.0013189228882311,0.275016363554597
434,27,037,Los Angeles,78.2cccc,Chatsworth,Urban,4046.85611218,0.79761633,77952,1,7,32,3427.5625,2,5,0.0067834856574791,0.52189968712361
435,22,037,Los Angeles,78.2d,City Terrace East/East Los Angeles,Urban,16619.93469949,0.17271134,3145,1,6,81,1156.27160494,5,1,0.00146942588071397,0.21517475776668
436,25,037,Los Angeles,78.2dd,Burbank South/Eagle Rock/Glendale Northwest,Urban,4078.79120536,1.5975192,75853,0,3,73,1447.93150685,2,1,0.00655543834523087,0.683787225057816
437,21,037,Los Angeles,78.2ddd,Bell Southwest/Cudahy/Vernon,Urban,9081.14256189,4.99593221,3156,1,10,24,3447,5,5,0.0022893552388723,0.307870962508627
438,22,037,Los Angeles,78.2dddd,Arcadia Southeast/San Gabriel North,Urban,7456.98558504,0.5914365,79522,0,4,56,1884.64285714,2,2,0.00354363899577947,0.380164124465038
439,37,037,Los Angeles,78.2e,Country Club Park/Koreatown/Mid-City East,Urban,26481.79007697,0.26405531,76225,1,6,84,1592.52380952,4,2,0.00126692834828646,0.220853772002069
440,23,037,Los Angeles,78.2ee,Atwater Village/Glendale Central/Glendale Southwest/Griffith Park,Urban,6135.87098992,0.5192441,77132,0,2,171,569.47953216,2,0,0.00393170538950471,0.399612119250717
441,15,037,Los Angeles,78.2eee,Downey Northeast,Urban,8555.79519006,0.28257907,23438,0,2,135,609.17037037,2,0,0.00242332571383486,0.250608989937927
442,24,037,Los Angeles,78.2eeee,Alhambra/El Sereno South/San Gabriel Central,Urban,10545.46771562,0.74951471,70360,0,3,117,934.95726496,3,0,0.00264086733182012,0.329776377753151
443,26,037,Los Angeles,78.2f,Hollywood Hills/Hollywood West/Mount Olympus/West Hollywood,Urban,10278.7773092,0.26461111,82909,0,3,277,336.41155235,3,0,0.00230321543335776,0.267711809829114
444,26,037,Los Angeles,78.2ff,Glassell Park/Glendale Southeast/Silverlake North,Urban,9563.61804623,0.55547584,57365,1,5,92,1047.95652174,4,1,0.00251449827669603,0.397873480693294
445,29,037,Los Angeles,78.2fff,Firestone/Florence South/Watts,Urban,18988.52938406,0.18309431,24681,1,9,53,2517.69811321,5,4,0.00176139760060323,0.242387361844672
446,32,037,Los Angeles,78.2ffff,Boyle Heights Northwest/Chinatown/Downtown Northwest/Little Tokyo/Westlake,Urban,16209.12804158,0.33727432,44315,1,5,917,105.88985823,5,0,0.00163467367906378,0.33229999899518
447,33,037,Los Angeles,78.2g,Hollywood South Central/Inner Sunset,Urban,22439.54132515,0.13156428,52412,1,5,757,150.94319683,5,0,0.00130004192965316,0.20846008839677
448,24,037,Los Angeles,78.2gg,Angeles National Forest West/Kagel Canyon/Lake View Terrace/San Fernando East/Sylmar,Urban,712.53010054,1.24657255,26195,0,3,135,758.74074074,3,0,0.0355811986287335,1.57314643424382
449,30,037,Los Angeles,78.2ggg,South Central Northeast,Urban,17918.50502816,0.13024249,35521,1,8,53,2478.47169811,5,3,0.00182847463179314,0.288720206212793
450,23,037,Los Angeles,78.2gggg,Altadena East/Angeles National Forest East/Azusa North/Duarte North/Glendora/Pasadena East,Rural,185.83925839,0.81584719,69779,0,3,52,1712.75,1,2,0.125681283434005,2.59407216271234
451,25,037,Los Angeles,78.2h,Boyle Heights Central/City Terrace West,Urban,16740.10092659,0.35134342,3865,1,10,29,3256.03448276,5,5,0.00141678553131896,0.210146946014223
452,23,037,Los Angeles,78.2hh,Granada Hills/Mission Hills/Porter Ranch,Urban,3633.02008809,0.43841521,65668,0,1,150,587.24666667,1,0,0.00604824209540311,0.403169720774286
453,21,037,Los Angeles,78.2hhh,Altadena West/Pasadena Northwest,Urban,7549.25205308,0.94728537,51895,0,4,73,1282.64383562,3,1,0.0031599173912582,0.454110251715739
454,20,037,Los Angeles,78.2hhhh,Canoga Park Northeast/Winnetka,Urban,13131.85024423,0.23931193,36777,1,9,29,3395.68965517,4,5,0.00185513089900269,0.329778755535616
455,34,037,Los Angeles,78.2i,El Sereno North/Highland Park/Montecito Heights/Monterey Hills,Urban,12132.26458004,0.33697908,29797,1,8,53,2276.64150943,5,3,0.00254457554001419,0.364269935373374
456,23,037,Los Angeles,78.2ii,Reseda South/Van Nuys Southwest,Urban,7229.76943115,0.44480187,66383,1,7,32,3041.5,2,5,0.00328466105770531,0.431117069987865
457,19,037,Los Angeles,78.2iii,North Long Beach,Urban,12409.24077634,0.22067074,41782,1,9,18,5157.27777778,4,5,0.00186461855287234,0.219795319184705
458,26,037,Los Angeles,78.2iiii,Gardena Southeast/Harbor Gateway Central/Lawndale South/Moneta/Redondo Beach North/Torrance North,Urban,9186.27440891,1.00751715,75797,1,5,48,2371.875,2,3,0.00309165548492274,0.390196908599847
459,26,037,Los Angeles,78.2j,Baldwin Hills/Culver City South/Fox Hills/Ladera Heights/Marina del Rey/View Park/Windsor Hills,Urban,6895.60995799,0.51756879,110614,0,2,85,1481.64705882,1,1,0.00466006902570371,0.603944127397418
460,33,037,Los Angeles,78.2jj,Sherman Oaks/Studio City/Valley Village,Urban,6779.90907404,0.36953663,111819,0,2,98,1360.60204082,1,1,0.00477979742777279,0.44602757047185
461,25,037,Los Angeles,78.2jjj,Long Beach West Central,Urban,21917.88441924,0.25059677,46944,1,8,48.5,2316.43298969,5,3,0.00130079685391138,0.231745247244133
462,21,037,Los Angeles,78.2jjjj,Norwalk/Studebaker,Urban,10872.59913346,0.53105961,31855,1,5,47,2253.21276596,2,3,0.00246865475946834,0.279456927138984
463,19,037,Los Angeles,78.2k,South Central Northwest,Urban,12299.1050707,0.17286542,47221,1,9,9,8515.33333333,4,5,0.00160875806591321,0.267995223477886
464,27,037,Los Angeles,78.2kk,North Hills/Northridge North,Urban,8614.31277944,0.1917458,54620,0,4,84,1341.04761905,3,1,0.00334095811535917,0.329239782440149
465,33,037,Los Angeles,78.2kkk,Belmont Shore/Long Beach East/Long Beach Shoreline/Los Altos/Naples,Urban,6932.0888223,0.55849889,100010,0,2,240,534.05416667,2,0,0.00475532555742575,0.563902000635133
466,20,037,Los Angeles,78.2kkkk,Santa Monica Central/Sawtelle/West Los Angeles,Urban,13324.37112405,0.10982509,70833,0,2,339,255.98820059,2,0,0.00161716394654832,0.22679473749742
467,22,037,Los Angeles,78.2l,Exposition Park/Leimert Park,Urban,16732.99512463,0.24276602,35227,1,8,45,2019.48888889,5,3,0.0014377462991888,0.232065538889433
468,31,037,Los Angeles,78.2ll,Arleta/Pacoima West/Panorama City/San Fernando West,Urban,13680.83979607,0.04716217,18866,1,7,62,2024.72580645,4,3,0.00231032122087527,0.378238489644366
469,27,037,Los Angeles,78.2lll,Bixby Knolls/Long Beach Central,Urban,7556.45392095,0.35096251,74183,0,2,274,404.15693431,2,0,0.00368042917943967,0.408778897459088
470,22,037,Los Angeles,78.2m,Bellflower/Paramount South,Urban,12137.46430607,0.40802208,41000,0,3,270.5,368.66913124,3,0,0.0020843331665219,0.256249134704264
471,24,037,Los Angeles,78.2mm,Pasadena South/San Marino/South Pasadena,Urban,5264.97524774,0.38290652,81245,0,1,251,412.83665339,1,0,0.00497983222703624,0.483557166628936
472,25,037,Los Angeles,78.2mmm,Downtown Southeast/Florence North,Urban,11810.71118423,0.67105829,22540,1,10,24,4236.625,5,5,0.00210468234240579,0.275871834748701
473,22,037,Los Angeles,78.2n,Cerritos/Hawaiian Gardens,Urban,8128.67099749,1.00917647,70402,0,4,61,1799.80327869,2,2,0.00339255722769849,0.363678571931131
474,20,037,Los Angeles,78.2nn,Montebello North/Monterey Park/South San Gabriel,Urban,6896.86966435,0.29857187,50281,0,2,117,703.16239316,2,0,0.00299637528269159,0.283780600937963
475,29,037,Los Angeles,78.2nnn,Crenshaw/Culver City East/Mid-City South/West Adams,Urban,16529.37221486,0.14999355,49003,1,10,8.5,12835.05882353,5,5,0.00167479500123591,0.26500894380046
476,30,037,Los Angeles,78.2o,Miraleste/Palo Verdes Estates/Portuguese Bend/Rancho Palos Verdes/Rolling Hills/San Pedro West,Urban,3780.58678551,2.99054578,103214,0,2,100,1241.55,1,1,0.00806949406887725,0.521225667297042
477,21,037,Los Angeles,78.2oo,El Monte/Five Points,Urban,12189.52565688,0.44644197,29252,1,7,67,1507.62686567,5,2,0.0020852745301454,0.284746679684037
478,26,037,Los Angeles,78.2ooo,Paramount North/Willowbrook,Urban,12505.95701255,0.26095104,32260,1,10,41,3354.26829268,5,5,0.00272831865004264,0.574800082332939
479,32,037,Los Angeles,78.2p,Long Beach Port/San Pedro East/Wilmington,Urban,5368.03229607,0.18690385,31585,1,10,32,3619.625,5,5,0.00545933414582578,1.50725779600877
480,25,037,Los Angeles,78.2pp,Hacienda Heights/Industry Central,Urban,3291.13426751,2.41513914,63130,1,5,41,2516.75609756,1,4,0.00792774323758749,0.63064546094179
481,27,037,Los Angeles,78.2ppp,Pacoima East/Sun Valley West,Urban,7020.89757221,0.36645284,23013,1,9,19,5505.94736842,4,5,0.00375179825118721,0.475628014330474
482,25,037,Los Angeles,78.2q,Del Aire/Inglewood West/Los Angeles International Airport,Urban,5166.28456036,0.3796563,54773,0,3,129,782.46511628,3,0,0.00492567767719265,0.409185400508648
483,27,037,Los Angeles,78.2qq,Asuza/Charter Oak/Covina,Urban,6843.74980519,0.72693015,50947,0,4,65,1852.43076923,2,2,0.00444966248733181,0.602152782401822
484,22,037,Los Angeles,78.2qqq,Rosemead/San Gabriel South/South El Monte West/Temple City West,Urban,10362.04295331,0.43810171,56697,1,6,51,1778.1372549,4,2,0.00221728654787512,0.295847314566747
485,20,037,Los Angeles,78.2r,Inglewood East/Lennox,Urban,12607.79007015,0.18949808,31926,1,10,18,4415.72222222,5,5,0.00159321096020904,0.233401656582367
486,26,037,Los Angeles,78.2rr,Glendale Northeast/La Canada-Flintridge/La Crescenta/Montrose/Sunland/Tujunga/Verdugo City,Urban,2935.49973965,0.9965807,93241,0,4,46,2424.15217391,1,3,0.00980693792689635,0.775773513513126
487,23,037,Los Angeles,78.2rrr,La Mirada/Santa Fe Springs South,Urban,5753.01789079,0.91311944,73982,0,2,71,1421.90140845,1,1,0.00455205748789922,0.470310765864592
488,20,037,Los Angeles,78.2s,South Central Southwest,Urban,17220.24285044,0.17210843,34106,1,10,13,6727.61538462,5,5,0.00123191384955135,0.218066751632167
489,23,037,Los Angeles,78.2ss,Pomona East and South,Urban,8383.61152635,0.69817415,28451,1,6,69,1670.85507246,4,2,0.00351370736188983,0.374058476080014
490,19,037,Los Angeles,78.2sss,Downey Southwest/Lynwood North Central/South Gate East,Urban,10675.96380717,0.75802301,13507,0,4,76,1274.46052632,3,1,0.00230861490854295,0.415337630599587
491,20,037,Los Angeles,78.2t,Hermosa Beach/Lawndale North/Manhattan Beach/Redondo Beach North,Urban,10585.59884321,0.44714669,75250,0,3,49,1933.81632653,1,2,0.00223322111878588,0.348692795796699
492,24,037,Los Angeles,78.2tt,Claremont/La Verne/Pomona Northwest/San Dimas,Urban,2606.97831692,2.18304024,81227,0,1,156,730.63461538,1,0,0.0114564292862269,0.648636511280201
493,31,037,Los Angeles,78.2ttt,Burbank North/North Hollywood South,Urban,6131.07474834,0.40973064,96962,0,2,159,809.9245283,2,0,0.0052714659477715,0.511257051362142
494,20,037,Los Angeles,78.2u,Redondo Beach Central and South/Torrance West Central,Urban,9585.93244489,0.18834982,79524,0,1,154,595.16233766,1,0,0.0024397874378792,0.307345271175635
495,19,037,Los Angeles,78.2uu,La Habra Heights/Whittier,Urban,4412.96381528,3.83225867,31142,0,2,139,614.37410072,2,0,0.0049870364528033,0.434224932273945
496,21,037,Los Angeles,78.2uuu,Athens/Gardena Northeast/Harbor Gateway North,Urban,7470.69090581,0.48406647,41784,1,9,9,9413.88888889,4,5,0.00283014592741893,0.397930947093424
497,25,037,Los Angeles,78.2v,Carson/Compton West/Rancho Dominguez,Urban,4779.60880011,0.50790906,64754,1,6,41,2663.04878049,2,4,0.00569445509836441,0.400647848809103
498,19,037,Los Angeles,78.2vv,Los Nietos/Santa Fe Springs Northeast,Urban,6730.71968155,0.28978884,23155,1,7,10,9199.6,2,5,0.00338220840558279,0.378346018293426
499,28,037,Los Angeles,78.2vvv,Diamond Bar/Industry East/Phillips Ranch/Pomona West/Walnut,Urban,2770.24271284,0.97372778,87242,0,3,73,1556.68493151,1,2,0.0105633470734574,0.615584542225465
500,32,037,Los Angeles,78.2w,Century City/Cheviot Hills/Rancho Park/West Los Angeles/Westwood,Urban,10795.80423185,0.14805855,121865,0,3,689,174.87082729,3,0,0.00309223212548204,0.401984060526089
501,20,037,Los Angeles,78.2ww,Pico Rivera/Santa Fe Springs Northwest,Urban,8271.35258897,0.45344954,11753,1,7,30,3371.33333333,2,5,0.00308523025591967,0.340582914226243
502,28,037,Los Angeles,78.2www,Valinda/West Covina,Urban,7206.19853516,0.34132143,49898,0,2,140,917.45714286,2,0,0.00444346163112641,0.436331113722801
503,34,037,Los Angeles,78.2x,Hancock Park/Mid-City West/Park La Brea,Urban,12680.66161795,0.3395744,102422,0,2,332,380.80722892,2,0,0.00248434614513826,0.309401548136255
504,25,037,Los Angeles,78.2xx,Agoura Hills/Calabasas/Hidden Hills/West Hills/Westlake,Urban,1203.23796795,16.25570654,103731,0,1,140,842.05,1,0,0.0246730709734493,1.13782748106975
505,21,037,Los Angeles,78.2xxx,Arcadia Central and Northeast/Bradbury/Monrovia/Sierra Madre,Urban,3734.38166224,1.82031864,73593,0,1,119,851.48739496,1,0,0.00684789141610054,0.455772032850623
506,25,037,Los Angeles,78.2y,Culver City North/Palms,Urban,11806.96339884,0.27278696,74327,0,4,52,1858.96153846,2,2,0.00208074385022883,0.303202310066477
507,21,037,Los Angeles,78.2yy,Encino/Tarzana/Warner Center/Woodland Hills,Urban,3440.22139204,0.97082243,75502,0,1,415,201.80722892,1,0,0.00604230402859685,0.442693679692071
508,27,037,Los Angeles,78.2yyy,Bassett/Industry West/La Puente,Urban,5096.09081066,4.04517101,22489,0,2,220,552.65909091,2,0,0.00594487273792765,0.625778185429761
509,21,037,Los Angeles,78.2z,Mar Vista/Ocean Park/Santa Monica South/Venice,Urban,12568.3278861,0.39126731,55465,0,3,55,1440.85454545,2,1,0.00158973748875724,0.320586012523526
510,25,037,Los Angeles,78.2zz,Northridge South/Reseda North,Urban,9204.48168794,0.50592433,49432,0,3,381.5,291.79030144,3,0,0.00304433971609797,0.379744942580669
511,23,037,Los Angeles,78.2zzz,Baldwin Park/Irwindale,Urban,5140.83491928,0.43290906,30131,0,2,113,932.08849558,2,0,0.00519455611083686,0.458639708822598
512,6,039,Madera,79.1,Oakhurst/Yosemite Lakes,Rural,19.22854339,21.97457568,24099,1,8,8.5,3097.88235294,3,5,0.363481401033368,3.48782834427585
513,3,039,Madera,79.2,Chowchilla,Rural,151.64126729,3.80786153,14074,1,10,4,3963.25,5,5,0.0411117554499469,1.02323803088457
514,9,007,Butte,8,Magalia/Paradise/Stirling City,Rural,170.51842425,1.47934437,37933,0,3,40,993.975,3,0,0.0651183979875896,1.94295961371385
515,14,039,Madera,80,Madera,Rural,163.99030059,0.68167761,30270,1,5,87,1173.47126437,4,1,0.161588559876236,2.73925461642438
516,5,041,Marin,81,Bolinas/Dillon Beach/Inverness/Point Reyes Station/Stinson Beach/Tomales,Rural,40.79862515,197.98317293,12588,0,2,11,1205.18181818,1,1,0.0910594230144852,3.67920087326393
517,13,041,Marin,82,Angel Island/Belvedere/Marin City/Sausalito/Strawberry Manor/Tiburon,Urban,769.24248238,0.58880636,50670,0,1,57,964.64912281,1,0,0.0187914601692682,1.54549819391319
518,17,041,Marin,83a,Corte Madera/Fairfax/Kentfield/Larkspur/Marinwood/Mill Valley/Ross/San Anselmo/San Rafael West/Terra Linda,Urban,1498.05655185,0.78067086,77743,0,1,220,371.14545455,1,0,0.015291404063646,1.49771650902957
519,20,041,Marin,83b,Bel Marin Keys/Black Point/Ignacio/Novato/San Rafael East/Santa Venetia,Urban,1830.60801133,0.9845711,75387,0,3,83,1224.74698795,2,1,0.0145278711884202,1.11544093309516
520,5,043,Mariposa,85,Bootjack/Cathey’s Valley/Coulterville/Don Pedro/El Portal/Fish Camp/Mariposa,Rural,15.16976363,293.28555808,14423,1,6,6,2592.16666667,2,4,0.281865902801201,2.95504951949999
521,1,043,Mariposa,86,Yosemite Valley,Frontier,4.72122069,395.23676675,1794,1,8,0,0,3,5,0.104597236130758,2.16232017917925
522,1,045,Mendocino,87.1,Boonville/Navarro/Philo/Yorkville,Rural,12.81035689,251.28105551,1667,1,5,2,1277,4,1,0.0677776050338252,2.40865270628942
523,2,045,Mendocino,87.2,Elk/Little River/Mendocino,Rural,39.59037402,77.79378718,6090,1,7,1,7043,2,5,0.0477168374795838,2.26701090003241
524,1,045,Mendocino,88,Anchor Bay/Gualala/Manchester/Point Arena,Rural,10.78523644,321.55066977,2620,0,3,3,1161,2,1,0.0864877674794116,1.87473290537503
525,3,045,Mendocino,89,Fort Bragg/Westport,Rural,63.91675938,1.44477938,8737,0,3,12,967,3,0,0.0510939214932478,1.47524135796481
526,4,007,Butte,9,Biggs/East Biggs/Gridley,Rural,68.64250106,11.50866124,8522,0,4,12,1175.83333333,3,1,0.054765641485119,1.15698718291828
527,1,045,Mendocino,90,Laytonville/Leggett/Piercy,Frontier,4.91482677,740.0057363,3111,1,6,3,1144,5,1,0.201520441210505,2.52179469428819
528,2,045,Mendocino,91,Brooktrails/Pine Mountain/Willits,Rural,40.82631836,286.60722979,11189,1,5,9.5,1323.78947368,4,1,0.080473581334445,2.25997507144683
529,1,045,Mendocino,92,Covelo/Dos Rios,Frontier,3.3876374,778.41861041,2115,1,5,3,801,5,0,0.211895378929967,2.31164429392689
530,5,045,Mendocino,93.1,Ukiah,Rural,116.73739929,2.03254889,19533,0,4,44.5,619.50561798,4,0,0.0659505199646446,2.06821139560669
531,1,045,Mendocino,93.2,Redwood Valley,Rural,86.65535042,70.49766656,5356,0,3,6,1107.5,2,1,0.0190714038908482,0.917212879121038
532,1,045,Mendocino,93.3,Potter Valley,Rural,18.48300381,120.32676198,1740,1,6,1,2144,3,3,0.0325688544307923,1.20905906994092
533,1,045,Mendocino,93.4,Talmage,Rural,64.28576285,69.98439157,3565,1,6,1,4449,1,5,0.0188886019273014,0.864191222213773
534,1,045,Mendocino,93.5,Hopland,Frontier,8.00077128,253.72553837,1557,1,8,0,0,3,5,0.0682718689531612,1.82712591093994
535,8,047,Merced,94,Dos Palos/Gustine/Los Banos,Rural,61.96289276,2.06041793,19011,1,7,32,1833.78125,5,2,0.24568254110045,2.5481047268726
536,8,047,Merced,95,Ballico/Cressey/Delhi/Hilmar/Livingston,Rural,211.12582616,9.40736822,16669,1,8,9.5,4259.47368421,3,5,0.0502966442691104,1.229942812377
537,11,047,Merced,96,Atwater/Snelling/Winton,Rural,183.36260786,2.65571523,24309,1,9,15,3373.86666667,4,5,0.0742629820724687,1.41338981841126
538,14,047,Merced,97.1,Merced Central and North/Merced Southeast,Urban,1448.85039525,8.43876204,43923,1,5,84,895.10714286,5,0,0.0133502829430654,0.674493577625091
539,6,047,Merced,97.2,El Nido/Merced Southwest,Rural,88.54722876,2.53784161,9100,1,5,45,558.71111111,5,0,0.0798650898163942,1.64706354732633
540,2,047,Merced,97.3,Le Grand/Planada,Rural,38.98915476,102.45122075,1327,1,10,2.5,3158,5,5,0.0565826245815515,1.20443942218606
541,2,049,Modoc,98,Alturas/Canby,Frontier,2.35732924,2544.98007726,5512,1,6,4,1554.25,4,2,0.715124384287719,4.47085412526025
542,1,049,Modoc,99,Surprise Valley,Frontier,1.77763124,691.36948594,1024,0,4,1,1052,3,1,0.193386954979815,2.39976689775938
