,FIPS,State,County,Mean_Rank,Worst_Best,Rank,Lat,Long,Ticks_With_Lyme,Cases2019,Population,%<18_Yrs_Old,%65_Yrs_Old_and_over,Income($),African American(Count),African American(%),American_Indian/Alaskan_Native(Count),American_Indian/Alaskan_Native(%),Asian(Count),Asian(%),Native_Hawaiian/Other_Pacific_Islander(Count),Native_Hawaiian/Other_Pacific_Islander(%),Hispanic(Count),Hispanic(%),Non-Hispanic_White(Count),Non-Hispanic_White(%),Female(%),Rural(Count),Rural(%),Life_Expectancy,Deaths(Count)
0,1117,Alabama,Shelby,6.875,Best,1,33.2643,-86.6607,0,0,213605,23.77,14.81,$74098.00,26816,12.55,856,0.4,4650,2.18,115,0.05,12305,5.76,166591,77.99,51.51,44762.0,22.94,80.37,2117.0
1,1031,Alabama,Coffee,9.625,Best,2,31.4027,-85.9882,0,0,51874,23.72,16.57,$51998.00,8995,17.34,733,1.41,822,1.58,216,0.42,3684,7.1,36440,70.25,50.71,23573.0,47.2,77.2,743.0
2,1003,Alabama,Baldwin,10.5,Best,3,30.7275,-87.7226,0,0,212628,21.85,19.95,$56607.00,19037,8.95,1650,0.78,2459,1.16,146,0.07,9675,4.55,176582,83.05,51.45,77060.0,42.28,78.6,2827.0
3,1089,Alabama,Madison,11.0,Best,4,34.7631,-86.5502,0,5,361046,22.02,14.64,$62750.00,88376,24.48,2926,0.81,9810,2.72,411,0.11,17728,4.91,233693,64.73,51.14,55048.0,16.44,77.56,4576.0
4,1077,Alabama,Lauderdale,11.25,Best,5,34.9014,-87.654,0,0,92538,19.86,19.57,$46646.00,9271,10.02,410,0.44,736,0.8,56,0.06,2477,2.68,78332,84.65,52.12,45701.0,49.3,76.2,1480.0
5,1065,Alabama,Hale,56.75,Worst,6,32.7627,-87.6291,0,1,14812,23.25,18.79,$34905.00,8572,57.87,32,0.22,44,0.3,2,0.01,217,1.47,5870,39.63,52.48,14053.0,89.17,74.24,302.0
6,1131,Alabama,Wilcox,61.0,Worst,7,31.9893,-87.3082,0,0,10719,24.09,18.97,$25700.00,7572,70.64,24,0.22,19,0.18,2,0.02,152,1.42,2872,26.79,52.32,11670.0,100.0,74.17,239.0
7,1119,Alabama,Sumter,59.0,Worst,8,32.5911,-88.1988,0,1,12687,19.45,17.44,$26495.00,9113,71.83,15,0.12,214,1.69,4,0.03,136,1.07,3127,24.65,54.35,13763.0,100.0,72.9,246.0
8,1105,Alabama,Perry,60.25,Worst,9,32.6385,-87.2944,0,0,9339,21.7,19.1,$26703.00,6269,67.13,22,0.24,49,0.52,4,0.04,157,1.68,2787,29.84,53.25,10591.0,100.0,71.81,208.0
9,1085,Alabama,Lowndes,60.875,Worst,10,32.1547,-86.6501,0,0,10076,22.51,18.16,$33130.00,7298,72.43,33,0.33,36,0.36,4,0.04,167,1.66,2492,24.73,52.61,11299.0,100.0,70.82,244.0
10,2110,Alaska,Juneau,4.375,Best,1,58.4546,-134.1739,0,0,32094,21.6,12.59,$90436.00,381,1.19,3847,11.99,2171,6.76,360,1.12,2129,6.63,20771,64.72,49.13,6738.0,21.54,79.52,360.0
11,2220,Alaska,Sitka,6.25,Best,2,57.2401,-135.3153,0,0,8689,21.75,14.96,$69501.00,81,0.93,1420,16.34,643,7.4,35,0.4,581,6.69,5377,61.88,48.66,1854.0,20.88,80.83,90.0
12,2100,Alaska,Haines,7.25,Best,4,59.1199,-135.5,0,0,2526,17.42,21.42,$53413.00,14,0.55,260,10.29,26,1.03,0,0.0,89,3.52,1964,77.75,50.95,2508.0,100.0,85.12,20.0
13,2150,Alaska,Kodiak Island,7.5,Best,5,57.677,-153.7806,0,0,13448,25.94,10.19,$71118.00,136,1.01,1707,12.69,2863,21.29,135,1.0,1257,9.35,6704,49.85,46.75,4257.0,31.32,82.4,111.0
14,2290,Alaska,Yukon-Koyukuk,20.875,Worst,6,65.5086,-151.3896,0,0,5365,27.74,14.0,$37907.00,35,0.65,3745,69.8,16,0.3,6,0.11,137,2.55,1176,21.92,46.56,5588.0,100.0,70.61,120.0
15,2180,Alaska,Nome,21.125,Worst,7,64.9111,-164.0272,0,0,9921,34.82,7.57,$53877.00,60,0.6,7506,75.66,148,1.49,14,0.14,243,2.45,1469,14.81,47.29,6270.0,66.06,71.1,145.0
16,2188,Alaska,Northwest Arctic,21.875,Worst,8,67.053,-159.721,0,0,7684,35.71,7.2,$53060.00,90,1.17,6115,79.58,73,0.95,13,0.17,223,2.9,829,10.79,45.91,4323.0,57.46,72.66,114.0
17,2050,Alaska,Bethel,20.75,Worst,10,60.9132,-159.818,0,0,18076,35.71,7.35,$45582.00,149,0.82,15104,83.56,156,0.86,40,0.22,429,2.37,1779,9.84,48.21,12579.0,73.94,71.95,243.0
18,4011,Arizona,Greenlee,3.625,Best,1,33.2152,-109.2402,0,0,9455,27.64,12.92,$63557.00,161,1.7,355,3.75,92,0.97,11,0.12,4424,46.79,4416,46.71,48.43,3929.0,46.57,81.19,107.0
19,4025,Arizona,Yavapai,3.625,Best,2,34.5999,-112.554,0,0,228168,16.56,30.75,$49860.00,1597,0.7,4826,2.12,2569,1.13,333,0.15,33172,14.54,183810,80.56,51.15,70057.0,33.2,78.71,3584.0
20,4013,Arizona,Maricopa,4.125,Best,3,33.349,-112.4915,0,1,4307033,24.27,14.82,$62221.00,230849,5.36,120742,2.8,189415,4.4,12224,0.28,1339574,31.1,2387097,55.42,50.52,90229.0,2.36,80.46,42064.0
21,4019,Arizona,Pima,4.5,Best,4,32.0974,-111.7899,0,7,1022769,21.2,19.23,$51392.00,34320,3.36,44050,4.31,33834,3.31,2450,0.24,381290,37.28,529988,51.82,50.82,73750.0,7.52,79.63,12460.0
22,4005,Arizona,Coconino,6.625,Best,5,35.8387,-111.7705,0,0,140776,20.91,12.08,$54399.00,1772,1.26,38970,27.68,2848,2.02,258,0.18,19903,14.14,76196,54.13,50.56,42297.0,31.47,79.18,1486.0
23,4012,Arizona,La Paz,9.625,Worst,6,33.7294,-113.9816,0,0,20601,16.93,39.33,$36389.00,184,0.89,3751,18.21,196,0.95,21,0.1,5550,26.94,11882,57.68,48.68,11541.0,56.33,78.18,471.0
24,4015,Arizona,Mohave,10.375,Worst,7,35.7041,-113.758,0,0,207200,17.48,29.66,$42210.00,2180,1.05,6177,2.98,2525,1.22,514,0.25,34063,16.44,160395,77.41,49.59,45970.0,22.96,75.49,4715.0
25,4017,Arizona,Navajo,11.625,Worst,8,35.3997,-110.3214,0,0,108956,26.98,17.61,$40883.00,842,0.77,49896,45.79,744,0.68,125,0.11,12283,11.27,45404,41.67,49.98,58171.0,54.14,75.39,1704.0
26,4007,Arizona,Gila,11.75,Worst,9,33.7997,-110.8117,0,0,53501,20.31,28.17,$38897.00,311,0.58,9407,17.58,452,0.84,74,0.14,10021,18.73,33365,62.36,50.48,22008.0,41.06,73.82,1179.0
27,4001,Arizona,Apache,14.625,Worst,10,35.3955,-109.4888,0,0,71606,27.62,14.87,$33053.00,379,0.53,53677,74.96,309,0.43,26,0.04,4480,6.26,13002,18.16,50.61,52967.0,74.06,72.36,1304.0
28,5143,Arkansas,Washington,7.75,Best,1,35.9791,-94.2156,0,4,231996,24.56,11.49,$50400.00,7651,3.3,3598,1.55,6231,2.69,5551,2.39,39076,16.84,165508,71.34,50.02,51771.0,25.49,78.05,2421.0
29,5007,Arkansas,Benton,8.875,Best,2,36.3387,-94.2561,0,0,266300,26.57,13.19,$64728.00,4696,1.76,5147,1.93,10771,4.04,1602,0.6,44438,16.69,195249,73.32,50.33,55689.0,25.16,79.61,2531.0
30,5009,Arkansas,Boone,9.5,Best,3,36.3086,-93.0915,0,0,37381,22.59,20.39,$41770.00,146,0.39,315,0.84,243,0.65,30,0.08,923,2.47,35066,93.81,50.74,22953.0,62.2,76.71,614.0
31,5005,Arkansas,Baxter,9.875,Best,4,36.2872,-92.337,0,0,41355,17.71,30.85,$43011.00,136,0.33,306,0.74,200,0.48,23,0.06,976,2.36,39206,94.8,51.75,27333.0,65.84,76.6,807.0
32,5045,Arkansas,Faulkner,11.375,Best,5,35.147,-92.332,0,1,123654,23.29,12.12,$51535.00,14690,11.88,865,0.7,1574,1.27,89,0.07,5016,4.06,99219,80.24,51.12,43891.0,38.76,77.03,1439.0
33,5107,Arkansas,Phillips,66.25,Worst,6,34.4283,-90.848,0,0,18572,25.94,18.32,$27663.00,11475,61.79,69,0.37,90,0.48,1,0.01,371,2.0,6386,34.39,52.86,10436.0,47.97,71.56,418.0
34,5041,Arkansas,Desha,71.0,Worst,7,33.8333,-91.254,0,0,11764,25.83,18.35,$33228.00,5421,46.08,46,0.39,65,0.55,17,0.14,793,6.74,5321,45.23,52.96,4087.0,31.42,71.91,265.0
35,5095,Arkansas,Monroe,64.0,Worst,8,34.6778,-91.2039,0,0,7085,21.19,23.08,$32427.00,2842,40.11,46,0.65,48,0.68,0,0.0,198,2.79,3842,54.23,53.14,5621.0,68.98,70.56,197.0
36,5017,Arkansas,Chicot,65.75,Worst,9,33.2672,-91.294,0,0,10636,22.25,19.61,$31810.00,5669,53.3,49,0.46,75,0.71,4,0.04,573,5.39,4210,39.58,49.92,6405.0,54.28,73.58,235.0
37,5093,Arkansas,Mississippi,68.0,Worst,10,35.7638,-90.0542,0,0,42159,26.28,14.47,$39678.00,14974,35.52,183,0.43,207,0.49,14,0.03,1816,4.31,24480,58.07,51.36,16857.0,36.27,71.53,959.0
38,6041,California,Marin,3.125,Best,1,38.0734,-122.7234,1,8,260955,20.11,21.62,$112735.00,6421,2.46,2637,1.01,16713,6.4,680,0.26,42077,16.12,187011,71.66,51.14,16457.0,6.52,85.11,1834.0
39,6061,California,Placer,5.625,Best,2,39.0635,-120.7175,0,0,386166,22.33,19.1,$81366.00,6163,1.6,4145,1.07,29693,7.69,1019,0.26,54239,14.05,280820,72.72,51.23,48039.0,13.79,82.03,3496.0
40,6081,California,San Mateo,6.0,Best,3,37.4229,-122.329,0,3,771410,20.78,15.78,$115908.00,17598,2.28,6315,0.82,228484,29.62,11922,1.55,188954,24.49,302885,39.26,50.68,13586.0,1.89,84.48,4882.0
41,6075,California,San Francisco,7.5,Best,4,37.7562,-122.443,0,14,884363,13.44,15.37,$109601.00,44295,5.01,6622,0.75,317249,35.87,3975,0.45,134705,15.23,357982,40.48,49.04,0.0,0.0,83.55,6907.0
42,6085,California,Santa Clara,7.5,Best,5,37.2318,-121.6951,1,6,1938153,22.19,13.14,$118468.00,45518,2.35,23644,1.22,727767,37.55,8981,0.46,496020,25.59,612156,31.58,49.47,19307.0,1.08,84.38,11654.0
43,6047,California,Merced,49.0,Worst,6,37.1919,-120.7177,0,0,272673,29.57,11.07,$48036.00,8059,2.96,6789,2.49,21884,8.03,1033,0.38,162489,59.59,75467,27.68,49.51,36510.0,14.27,78.58,2710.0
44,6019,California,Fresno,49.125,Worst,7,36.7582,-119.6493,0,1,989255,28.47,11.98,$51452.00,45968,4.65,29375,2.97,108345,10.95,2713,0.27,525935,53.16,291414,29.46,50.11,100537.0,10.81,79.04,9841.0
45,6033,California,Lake,50.625,Worst,8,39.0996,-122.7532,0,2,64246,20.74,22.36,$45797.00,1163,1.81,2739,4.26,887,1.38,194,0.3,13209,20.56,45289,70.49,50.21,21408.0,33.11,74.54,1465.0
46,6107,California,Tulare,52.5,Worst,9,36.2201,-118.8005,0,8,464493,30.94,11.12,$46377.00,5698,1.23,12884,2.77,18496,3.98,1059,0.23,300647,64.73,132630,28.55,49.95,68449.0,15.48,78.37,4659.0
47,6029,California,Kern,53.75,Worst,10,35.3429,-118.7299,0,0,893119,29.01,10.67,$49904.00,46388,5.19,23478,2.63,47882,5.36,2483,0.28,477237,53.43,304098,34.05,48.72,85693.0,10.21,77.57,9916.0
48,8035,Colorado,Douglas,5.25,Best,1,39.3297,-104.9296,0,0,335299,26.61,11.39,$112386.00,4341,1.29,1605,0.48,16490,4.92,326,0.1,29218,8.71,276885,82.58,50.11,29367.0,10.29,83.97,1729.0
49,8097,Colorado,Pitkin,6.75,Best,2,39.2171,-106.9166,0,0,17890,15.23,18.47,$78596.00,171,0.96,85,0.48,331,1.85,21,0.12,1814,10.14,15328,85.68,47.95,7580.0,44.2,92.92,95.0
50,8107,Colorado,Routt,10.125,Best,3,40.4851,-106.9913,0,0,25220,18.24,14.48,$76505.00,200,0.79,150,0.59,207,0.82,23,0.09,1768,7.01,22637,89.76,47.81,10621.0,45.18,83.22,186.0
51,8014,Colorado,Broomfield,10.375,Best,4,39.9541,-105.0527,0,0,68341,23.63,13.25,$91968.00,891,1.3,556,0.81,4510,6.6,93,0.14,8476,12.4,52580,76.94,50.26,326.0,0.58,83.09,439.0
52,8013,Colorado,Boulder,11.875,Best,5,40.0925,-105.3577,0,1,322514,19.42,13.71,$80701.00,3023,0.94,2720,0.84,15241,4.73,235,0.07,44954,13.94,251078,77.85,49.66,26255.0,8.91,82.85,2221.0
53,8071,Colorado,Las Animas,49.625,Worst,6,37.3158,-104.0386,0,0,14238,18.87,23.7,$39552.00,229,1.61,512,3.6,159,1.12,19,0.13,5950,41.79,7559,53.09,47.8,6326.0,40.79,75.44,269.0
54,8011,Colorado,Bent,49.75,Worst,7,37.9551,-103.0717,0,0,5938,14.92,17.3,$37307.00,455,7.66,192,3.23,94,1.58,7,0.12,1935,32.59,3323,55.96,34.49,2467.0,37.96,77.8,99.0
55,8101,Colorado,Pueblo,51.875,Worst,8,38.1735,-104.5128,0,0,166475,22.72,18.04,$44060.00,3027,1.82,5209,3.13,1782,1.07,286,0.17,71585,43.0,86840,52.16,50.72,22513.0,14.15,76.95,2503.0
56,8089,Colorado,Otero,52.5,Worst,9,37.9026,-103.7165,0,0,18326,23.95,19.98,$37907.00,179,0.98,684,3.73,165,0.9,38,0.21,7673,41.87,9909,54.07,50.84,6479.0,34.41,76.42,302.0
57,8023,Colorado,Costilla,54.375,Worst,10,37.2781,-105.4282,0,0,3776,18.8,27.15,$30486.00,31,0.82,205,5.43,51,1.35,11,0.29,2349,62.21,1252,33.16,47.7,3524.0,100.0,77.75,66.0
58,9007,Connecticut,Middlesex,2.125,Best,1,41.4632,-72.5351,1,119,163410,18.08,19.67,$81533.00,7828,4.79,443,0.27,5070,3.1,108,0.07,10343,6.33,137121,83.91,51.25,40657.0,24.54,81.07,1731.0
59,9013,Connecticut,Tolland,2.125,Best,2,41.855,-72.3365,1,107,151461,17.44,15.37,$75571.00,4937,3.26,397,0.26,7344,4.85,111,0.07,8415,5.56,128146,84.61,49.78,58340.0,38.21,81.8,1299.0
60,9001,Connecticut,Fairfield,3.625,Best,3,41.2708,-73.3894,1,194,949921,22.62,15.5,$91170.00,103805,10.93,4730,0.5,54914,5.78,1009,0.11,189042,19.9,587915,61.89,51.27,42028.0,4.58,82.58,7044.0
61,9005,Connecticut,Litchfield,3.625,Best,4,41.7925,-73.2453,1,116,182177,18.49,20.58,$77968.00,2814,1.54,581,0.32,3656,2.01,128,0.07,11498,6.31,161463,88.63,50.55,78722.0,41.45,80.69,2007.0
62,9003,Connecticut,Hartford,5.125,Worst,7,41.8064,-72.7329,1,132,895388,21.05,16.8,$70433.00,117989,13.18,4883,0.55,51382,5.74,1099,0.12,161377,18.02,548708,61.28,51.4,48354.0,5.41,80.32,9089.0
63,9011,Connecticut,New London,5.5,Worst,8,41.4866,-72.1015,1,254,269033,19.57,17.59,$71721.00,15394,5.72,3112,1.16,12262,4.56,410,0.15,28444,10.57,203219,75.54,49.88,70729.0,25.81,79.92,2983.0
64,9009,Connecticut,New Haven,6.875,Worst,9,41.4105,-72.9321,1,211,860435,20.35,16.93,$66764.00,109059,12.67,4573,0.53,37258,4.33,885,0.1,156118,18.14,541814,62.97,51.73,31394.0,3.64,79.98,9162.0
65,9015,Connecticut,Windham,7.0,Worst,10,41.83,-71.9874,0,93,116359,19.81,16.25,$62606.00,2149,1.85,761,0.65,1747,1.5,95,0.08,13596,11.68,96406,82.85,50.31,58931.0,49.76,78.82,1376.0
66,10003,Delaware,New Castle,1.25,Best,1,39.5768,-75.6527,0,407,559793,21.69,15.1,$66839.00,137747,24.61,2390,0.43,32523,5.81,364,0.07,55723,9.95,321097,57.36,51.55,24783.0,4.6,78.69,6580.0
67,10001,Delaware,Kent,2.75,Worst,10,39.0862,-75.5684,0,79,176824,22.97,16.63,$57112.00,44160,24.97,1283,0.73,4211,2.38,219,0.12,12703,7.18,109126,61.71,51.82,43774.0,26.97,77.81,2403.0
68,12021,Florida,Collier,6.625,Best,1,26.1107,-81.3476,0,1,372880,17.36,31.48,$66709.00,25081,6.73,1799,0.48,5628,1.51,366,0.1,103525,27.76,234825,62.98,50.79,27284.0,8.49,85.88,3259.0
69,12109,Florida,St. Johns,8.375,Best,2,29.9016,-81.4407,0,4,243812,21.9,19.79,$77022.00,12646,5.19,757,0.31,7438,3.05,214,0.09,16870,6.92,202004,82.85,51.16,45179.0,23.77,81.39,2498.0
70,12085,Florida,Martin,10.875,Best,3,27.0775,-80.4315,0,4,159923,16.49,30.44,$58344.00,8244,5.15,1527,0.95,2268,1.42,286,0.18,22006,13.76,125308,78.36,50.56,12403.0,8.48,82.08,1869.0
71,12115,Florida,Sarasota,11.875,Best,4,27.1845,-82.3315,0,6,419119,14.39,36.1,$58423.00,18364,4.38,1326,0.32,7284,1.74,265,0.06,38272,9.13,349199,83.32,52.32,16394.0,4.32,81.62,5449.0
72,12117,Florida,Seminole,12.5,Best,5,28.717,-81.2363,0,4,462659,21.2,15.12,$63865.00,52185,11.28,2000,0.43,21590,4.67,611,0.13,98817,21.36,280193,60.56,51.66,13348.0,3.16,80.61,4569.0
73,12063,Florida,Jackson,55.25,Worst,6,30.7954,-85.2155,0,0,48330,18.81,19.08,$41524.00,12789,26.46,411,0.85,346,0.72,135,0.28,2322,4.8,31601,65.39,44.86,37490.0,75.36,75.1,936.0
74,12079,Florida,Madison,55.75,Worst,7,30.4441,-83.4701,0,0,18449,19.05,20.0,$37256.00,6937,37.6,135,0.73,86,0.47,5,0.03,1029,5.58,10054,54.5,46.96,15381.0,80.01,75.99,335.0
75,12047,Florida,Hamilton,56.625,Worst,8,30.4964,-82.9479,0,0,14184,19.61,17.66,$35262.00,4595,32.4,143,1.01,114,0.8,2,0.01,1368,9.64,7811,55.07,42.55,9395.0,63.48,75.4,263.0
76,12039,Florida,Gadsden,59.875,Worst,9,30.5795,-84.6136,0,0,46071,21.97,17.16,$38084.00,25472,55.29,253,0.55,322,0.7,64,0.14,4777,10.37,15000,32.56,52.43,30329.0,65.38,76.64,762.0
77,12107,Florida,Putnam,63.25,Worst,10,29.6087,-81.7443,0,0,73464,21.65,22.54,$34390.00,11573,15.75,505,0.69,490,0.67,102,0.14,7459,10.15,52488,71.45,50.57,41765.0,56.16,74.51,1540.0
78,13219,Georgia,Oconee,5.375,Best,1,33.835,-83.4371,0,0,38028,26.65,15.09,$92216.00,1890,4.97,100,0.26,1586,4.17,15,0.04,1893,4.98,32119,84.46,50.93,16508.0,50.32,81.22,321.0
79,13117,Georgia,Forsyth,6.875,Best,2,34.2255,-84.125,0,1,227967,27.87,11.65,$103083.00,7974,3.5,1156,0.51,30473,13.37,153,0.07,21951,9.63,163835,71.87,50.33,17414.0,9.92,81.51,1547.0
80,13113,Georgia,Fayette,12.125,Best,3,33.414,-84.4942,0,0,112549,23.37,17.63,$87831.00,25877,22.99,482,0.43,5769,5.13,129,0.11,8285,7.36,70237,62.41,51.37,19372.0,18.18,80.87,1071.0
81,13073,Georgia,Columbia,12.5,Best,4,33.5441,-82.264,0,0,151579,25.62,13.01,$75832.00,26008,17.16,602,0.4,6463,4.26,307,0.2,10113,6.67,104249,68.78,51.12,20131.0,16.23,80.34,1287.0
82,13067,Georgia,Cobb,12.875,Best,5,33.9415,-84.5767,0,2,755754,23.96,11.82,$75485.00,205908,27.25,3563,0.47,41313,5.47,512,0.07,98915,13.09,392410,51.92,51.66,1694.0,0.25,80.41,6408.0
83,13193,Georgia,Macon,141.25,Worst,6,32.3584,-84.0425,0,0,13314,19.27,16.89,$32974.00,7992,60.03,71,0.53,211,1.58,18,0.14,602,4.52,4385,32.94,45.56,7840.0,53.19,73.32,284.0
84,13061,Georgia,Clay,136.5,Worst,7,31.6263,-84.9801,0,0,2962,21.07,26.06,$29122.00,1793,60.53,11,0.37,13,0.44,1,0.03,47,1.59,1063,35.89,53.21,3183.0,100.0,75.43,65.0
85,13289,Georgia,Twiggs,134.25,Worst,8,32.6672,-83.4271,0,0,8174,19.31,21.97,$39639.00,3335,40.8,31,0.38,29,0.35,3,0.04,209,2.56,4466,54.64,50.84,9023.0,100.0,72.58,201.0
86,13163,Georgia,Jefferson,133.625,Worst,9,33.0549,-82.4182,0,0,15648,23.88,17.63,$35201.00,8201,52.41,36,0.23,109,0.7,13,0.08,609,3.89,6582,42.06,51.74,13657.0,80.67,73.29,343.0
87,13141,Georgia,Hancock,135.375,Worst,10,33.2704,-83.0007,0,0,8561,15.84,21.97,$31247.00,6072,70.93,44,0.51,99,1.16,2,0.02,200,2.34,2100,24.53,44.61,5807.0,61.59,75.41,189.0
88,15003,Hawaii,Honolulu,1.375,Best,1,21.5008,-158.1053,0,0,988650,21.22,17.23,$80947.00,25085,2.54,3185,0.32,425186,43.01,94505,9.56,97824,9.89,180449,18.25,49.61,8225.0,0.86,82.54,8989.0
89,15007,Hawaii,Kauai,2.25,Best,2,22.0396,-159.5963,0,0,72159,22.2,19.25,$74881.00,390,0.54,341,0.47,22684,31.44,6640,9.2,7961,11.03,21142,29.3,50.61,8628.0,12.86,81.99,755.0
90,15009,Hawaii,Maui,2.75,Worst,9,20.8596,-156.5648,0,0,166260,21.81,17.52,$76376.00,1105,0.66,927,0.56,48442,29.14,18077,10.87,18847,11.34,50233,30.21,50.18,22556.0,14.57,82.67,1632.0
91,15001,Hawaii,Hawaii,3.625,Worst,10,19.5987,-155.5185,0,0,200381,21.79,20.05,$56540.00,1309,0.65,1121,0.56,42960,21.44,26290,13.12,25492,12.72,60645,30.26,50.4,70313.0,37.99,80.14,2541.0
92,15001,Hawaii,Hawaii,3.625,Worst,10,19.5987,-155.5185,0,0,200381,21.79,20.05,$56540.00,1309,0.65,1121,0.56,42960,21.44,26290,13.12,25492,12.72,60645,30.26,50.4,70313.0,37.99,80.14,2541.0
93,16013,Idaho,Blaine,6.25,Best,1,43.4119,-113.9802,0,1,22024,22.78,18.72,$68101.00,61,0.28,386,1.75,247,1.12,37,0.17,4769,21.65,16668,75.68,48.89,7004.0,32.77,84.87,159.0
94,16057,Idaho,Latah,7.375,Best,2,46.8162,-116.7117,0,1,39333,19.0,12.96,$49445.00,383,0.97,338,0.86,1004,2.55,66,0.17,1702,4.33,34952,88.86,48.78,13032.0,34.99,82.1,282.0
95,16001,Idaho,Ada,7.75,Best,3,43.4511,-116.2412,0,6,456849,24.18,13.92,$61469.00,5698,1.25,3741,0.82,12581,2.75,1039,0.23,37569,8.22,386912,84.69,49.91,21471.0,5.47,80.71,3749.0
96,16081,Idaho,Teton,8.875,Best,4,43.7594,-111.2076,0,0,11381,25.63,11.21,$63168.00,22,0.19,99,0.87,66,0.58,19,0.17,1891,16.62,9255,81.32,47.66,10170.0,100.0,83.11,57.0
97,16085,Idaho,Valley,9.0,Best,5,44.7666,-115.5663,0,0,10687,18.27,24.24,$56532.00,30,0.28,127,1.19,63,0.59,7,0.07,503,4.71,9847,92.14,48.55,9862.0,100.0,81.01,119.0
98,16077,Idaho,Power,31.375,Worst,6,42.6937,-112.8407,0,0,7600,31.34,14.96,$45922.00,29,0.38,279,3.67,38,0.5,15,0.2,2619,34.46,4614,60.71,49.17,3329.0,42.59,77.82,89.0
99,16047,Idaho,Gooding,31.625,Worst,7,42.971,-114.8115,0,1,15124,27.74,17.01,$46218.00,48,0.32,314,2.08,117,0.77,40,0.26,4400,29.09,10232,67.65,48.82,8982.0,58.08,77.29,194.0
100,16045,Idaho,Gem,32.125,Worst,8,44.0616,-116.3975,0,0,17379,23.5,21.35,$47481.00,48,0.28,191,1.1,156,0.9,37,0.21,1469,8.45,15227,87.62,50.14,7527.0,45.02,77.69,243.0
101,16009,Idaho,Benewah,37.125,Worst,9,47.2176,-116.6587,0,0,9184,22.82,21.93,$43570.00,31,0.34,790,8.6,28,0.3,9,0.1,329,3.58,7776,84.67,49.15,6677.0,71.91,74.2,186.0
102,16073,Idaho,Owyhee,38.5,Worst,10,42.5815,-116.1699,0,0,11628,26.36,17.17,$44251.00,40,0.34,519,4.46,85,0.73,20,0.17,3072,26.42,7950,68.37,49.17,8909.0,77.29,77.55,153.0
103,17147,Illinois,Piatt,11.0,Best,1,40.0103,-88.5911,0,1,16445,22.5,19.05,$67173.00,106,0.64,36,0.22,68,0.41,8,0.05,213,1.3,15857,96.42,50.64,11319.0,67.66,79.53,184.0
104,17203,Illinois,Woodford,12.75,Best,2,40.7882,-89.2111,1,3,38726,24.37,17.39,$75733.00,265,0.68,110,0.28,282,0.73,11,0.03,719,1.86,36952,95.42,50.21,21221.0,54.89,79.82,382.0
105,17043,Illinois,DuPage,13.375,Best,3,41.852,-88.0856,1,39,930128,22.85,14.98,$89536.00,45473,4.89,3685,0.4,112605,12.11,493,0.05,134167,14.42,622983,66.98,50.86,436.0,0.05,82.46,6913.0
106,17133,Illinois,Monroe,14.375,Best,4,38.2784,-90.1773,0,0,34097,22.42,17.08,$83767.00,119,0.35,76,0.22,203,0.6,10,0.03,526,1.54,32882,96.44,50.37,13631.0,41.36,82.02,283.0
107,17085,Illinois,Jo Daviess,15.375,Best,5,42.3658,-90.2125,1,12,21594,19.45,27.23,$51866.00,138,0.64,68,0.31,126,0.58,12,0.06,644,2.98,20439,94.65,50.13,16462.0,72.59,80.42,267.0
108,17003,Illinois,Alexander,95.375,Worst,6,37.1915,-89.3375,0,0,6315,23.72,21.28,$33985.00,2091,33.11,28,0.44,15,0.24,10,0.16,107,1.69,3924,62.14,51.99,5096.0,61.86,73.86,147.0
109,17165,Illinois,Saline,93.5,Worst,7,37.7531,-88.5407,0,1,24102,21.77,19.95,$41394.00,913,3.79,107,0.44,163,0.68,21,0.09,445,1.85,22051,91.49,50.68,10878.0,43.66,74.11,492.0
110,17069,Illinois,Hardin,89.25,Worst,8,37.5182,-88.2668,0,0,4046,17.23,25.8,$40160.00,75,1.85,32,0.79,21,0.52,5,0.12,93,2.3,3776,93.33,48.52,4320.0,100.0,72.33,106.0
111,17153,Illinois,Pulaski,89.0,Worst,9,37.223,-89.1266,0,0,5509,21.64,21.91,$38846.00,1653,30.01,35,0.64,18,0.33,3,0.05,128,2.32,3535,64.17,51.72,6161.0,100.0,76.34,104.0
112,17183,Illinois,Vermilion,92.875,Worst,10,40.1834,-87.7328,1,0,77909,23.85,18.71,$43649.00,10520,13.5,292,0.37,702,0.9,22,0.03,3942,5.06,60897,78.16,50.27,25513.0,31.26,74.81,1389.0
113,18057,Indiana,Hamilton,3.375,Best,1,40.0725,-86.052,0,5,323747,27.38,11.86,$95080.00,13371,4.13,742,0.23,19871,6.14,159,0.05,13130,4.06,271057,83.72,51.19,15473.0,5.64,81.98,2047.0
114,18063,Indiana,Hendricks,10.75,Best,2,39.7695,-86.51,0,1,163685,25.42,13.46,$75647.00,10995,6.72,484,0.3,4720,2.88,113,0.07,6387,3.9,138521,84.63,49.98,25958.0,17.85,79.51,1474.0
115,18011,Indiana,Boone,11.0,Best,3,40.0508,-86.4687,0,1,65875,26.61,13.03,$82670.00,1212,1.84,178,0.27,1807,2.74,29,0.04,2006,3.05,59729,90.67,50.22,19487.0,34.41,78.58,630.0
116,18037,Indiana,Dubois,11.875,Best,4,38.3643,-86.8798,0,0,42558,24.29,16.92,$63033.00,246,0.58,118,0.28,274,0.64,90,0.21,3251,7.64,38501,90.47,50.07,20629.0,49.25,79.05,485.0
117,18059,Indiana,Hancock,13.0,Best,5,39.8236,-85.7733,0,1,74985,23.54,15.86,$73294.00,1988,2.65,221,0.29,655,0.87,30,0.04,1770,2.36,69360,92.5,50.81,21313.0,30.45,78.4,888.0
118,18153,Indiana,Sullivan,77.5,Worst,6,39.0888,-87.4147,0,0,20746,19.61,17.44,$46810.00,936,4.51,61,0.29,54,0.26,2,0.01,378,1.82,19070,91.92,45.81,16957.0,78.96,75.51,369.0
119,18149,Indiana,Starke,78.0,Worst,7,41.2809,-86.6476,1,2,22893,22.78,18.04,$46940.00,94,0.41,113,0.49,56,0.24,0,0.0,878,3.84,21555,94.16,50.02,19247.0,82.38,74.98,411.0
120,18143,Indiana,Scott,79.25,Worst,8,38.6851,-85.7475,1,0,23870,22.75,16.32,$48615.00,105,0.44,78,0.33,206,0.86,19,0.08,582,2.44,22735,95.25,50.78,12747.0,52.71,71.43,536.0
121,18041,Indiana,Fayette,81.625,Worst,9,39.64,-85.1788,1,0,23209,21.97,19.8,$44970.00,316,1.36,57,0.25,101,0.44,1,0.0,263,1.13,22203,95.67,50.44,8930.0,36.78,72.01,504.0
122,18025,Indiana,Crawford,83.125,Worst,10,38.2924,-86.4517,0,0,10566,21.83,19.18,$42555.00,47,0.44,47,0.44,19,0.18,9,0.09,174,1.65,10136,95.93,49.31,10713.0,100.0,75.61,196.0
123,19191,Iowa,Winneshiek,5.25,Best,1,43.2906,-91.8437,1,10,20201,18.41,20.01,$59365.00,157,0.78,21,0.1,225,1.11,4,0.02,452,2.24,19221,95.15,50.34,12419.0,58.98,82.09,156.0
124,19167,Iowa,Sioux,11.0,Best,2,43.0826,-96.1779,0,0,34860,27.06,15.38,$70601.00,174,0.5,194,0.56,372,1.07,20,0.06,3797,10.89,30225,86.7,49.9,17130.0,50.82,83.01,209.0
125,19075,Iowa,Grundy,12.25,Best,3,42.4019,-92.7914,0,0,12333,23.06,20.47,$72184.00,59,0.48,14,0.11,46,0.37,7,0.06,136,1.1,11966,97.02,50.67,12453.0,100.0,80.93,113.0
126,19017,Iowa,Bremer,12.875,Best,4,42.7746,-92.3181,0,1,24911,22.39,19.32,$64213.00,299,1.2,32,0.13,262,1.05,4,0.02,391,1.57,23699,95.13,50.55,15655.0,64.49,82.08,213.0
127,19049,Iowa,Dallas,13.625,Best,5,41.6849,-94.0398,0,7,87235,28.13,11.77,$90133.00,1745,2.0,311,0.36,4219,4.84,68,0.08,5320,6.1,74620,85.54,50.73,20228.0,30.59,82.59,550.0
128,19045,Iowa,Clinton,82.25,Worst,6,41.898,-90.532,0,4,47010,23.1,19.26,$50729.00,1499,3.19,174,0.37,288,0.61,16,0.03,1497,3.18,42807,91.06,51.0,15832.0,32.23,78.09,633.0
129,19057,Iowa,Des Moines,84.125,Worst,7,40.9232,-91.1815,0,1,39417,22.65,20.23,$50773.00,2259,5.73,128,0.32,399,1.01,21,0.05,1235,3.13,34454,87.41,51.21,10781.0,26.74,78.77,538.0
130,19007,Iowa,Appanoose,90.25,Worst,8,40.7432,-92.8686,0,3,12352,22.04,22.48,$42274.00,84,0.68,37,0.3,83,0.67,8,0.06,240,1.94,11760,95.21,50.64,7507.0,58.25,76.15,218.0
131,19111,Iowa,Lee,91.625,Worst,9,40.642,-91.4793,0,1,34295,21.47,19.63,$50481.00,1048,3.06,99,0.29,214,0.62,10,0.03,1243,3.62,31104,90.7,49.61,14566.0,40.62,75.99,589.0
132,19179,Iowa,Wapello,93.5,Worst,10,41.0306,-92.4095,0,6,35044,22.35,17.66,$46981.00,1325,3.78,296,0.84,366,1.04,120,0.34,3812,10.88,28929,82.55,50.43,10854.0,30.47,76.89,526.0
133,20091,Kansas,Johnson,9.875,Best,1,38.8838,-94.8223,0,4,591178,24.68,14.04,$83516.00,28155,4.76,2365,0.4,29981,5.07,263,0.04,45274,7.66,472840,79.98,50.92,20862.0,3.83,82.02,4235.0
134,20113,Kansas,McPherson,13.375,Best,2,38.3917,-97.648,0,0,28708,23.3,19.25,$55686.00,321,1.12,185,0.64,281,0.98,21,0.07,1189,4.14,26302,91.62,50.88,12692.0,43.5,78.16,384.0
135,20131,Kansas,Nemaha,13.375,Best,3,39.7834,-96.0141,0,0,10118,26.39,19.95,$58729.00,63,0.62,73,0.72,35,0.35,9,0.09,199,1.97,9635,95.23,49.24,7658.0,75.24,80.4,105.0
136,20197,Kansas,Wabaunsee,14.5,Best,4,38.9533,-96.205,0,0,6874,23.95,19.33,$63690.00,48,0.7,59,0.86,22,0.32,1,0.01,252,3.67,6363,92.57,49.2,7053.0,100.0,81.14,93.0
137,20083,Kansas,Hodgeman,16.0,Best,5,38.0875,-99.8979,0,0,1842,22.37,22.69,$51962.00,21,1.14,10,0.54,49,2.66,0,0.0,145,7.87,1596,86.64,50.16,1916.0,100.0,75.64,27.0
138,20209,Kansas,Wyandotte,97.375,Worst,6,39.1146,-94.7646,0,2,165288,27.99,11.99,$46032.00,36689,22.2,2251,1.36,8298,5.02,505,0.31,47883,28.97,67653,40.93,50.47,9549.0,6.06,76.16,2210.0
139,20125,Kansas,Montgomery,94.0,Worst,7,37.1925,-95.7429,0,0,32556,23.66,19.66,$45808.00,1712,5.26,1145,3.52,310,0.95,49,0.15,2060,6.33,25935,79.66,50.46,15403.0,43.42,74.59,599.0
140,20099,Kansas,Labette,91.75,Worst,8,37.1913,-95.2976,0,3,20145,23.52,18.99,$46819.00,805,4.0,471,2.34,98,0.49,11,0.05,913,4.53,17198,85.37,50.46,11309.0,52.34,75.37,368.0
141,20205,Kansas,Wilson,87.75,Worst,9,37.5593,-95.7434,0,0,8675,23.95,21.08,$41866.00,49,0.56,134,1.54,58,0.67,7,0.08,274,3.16,7978,91.97,50.81,6839.0,72.69,76.03,147.0
142,20107,Kansas,Linn,88.25,Worst,10,38.2123,-94.843,0,0,9726,23.03,22.1,$47300.00,72,0.74,71,0.73,36,0.37,4,0.04,283,2.91,9096,93.52,49.55,9656.0,100.0,76.99,166.0
143,21209,Kentucky,Scott,11.0,Best,1,38.2915,-84.5839,0,0,54873,25.5,11.65,$67234.00,2901,5.29,206,0.38,668,1.22,21,0.04,2337,4.26,47877,87.25,50.89,15314.0,32.46,76.81,645.0
144,21185,Kentucky,Oldham,11.375,Best,2,38.3994,-85.4483,0,0,66415,25.43,12.66,$97960.00,2888,4.35,294,0.44,1187,1.79,52,0.08,2633,3.96,58604,88.24,47.05,12261.0,20.33,79.56,635.0
145,21239,Kentucky,Woodford,11.375,Best,3,38.0424,-84.7436,0,0,26368,22.64,18.02,$64177.00,1273,4.83,65,0.25,174,0.66,50,0.19,1743,6.61,22803,86.48,52.08,9017.0,36.16,77.43,343.0
146,21015,Kentucky,Boone,13.25,Best,4,38.9699,-84.7278,0,0,130728,26.33,12.99,$78163.00,4280,3.27,288,0.22,3428,2.62,198,0.15,5619,4.3,114725,87.76,50.59,15769.0,13.27,78.35,1406.0
147,21037,Kentucky,Campbell,16.0,Best,5,38.9465,-84.3795,0,1,92488,21.03,15.14,$61384.00,2683,2.9,186,0.2,1038,1.12,49,0.05,1861,2.01,85314,92.24,50.83,13818.0,15.3,77.04,1243.0
148,21159,Kentucky,Martin,108.0,Worst,6,37.8016,-82.5132,1,0,11452,19.82,15.91,$30177.00,749,6.54,44,0.38,23,0.2,2,0.02,386,3.37,10161,88.73,45.14,12929.0,100.0,72.37,276.0
149,21095,Kentucky,Harlan,108.0,Worst,7,36.8569,-83.218,0,0,26713,22.7,18.01,$25815.00,556,2.08,62,0.23,105,0.39,26,0.1,264,0.99,25404,95.1,51.77,15856.0,54.16,70.71,759.0
150,21147,Kentucky,McCreary,108.75,Worst,8,36.7371,-84.4842,0,0,17465,21.74,15.69,$28024.00,943,5.4,133,0.76,42,0.24,10,0.06,465,2.66,15652,89.62,45.55,18306.0,100.0,71.06,422.0
151,21129,Kentucky,Lee,110.625,Worst,9,37.5948,-83.7162,0,0,6570,20.41,18.42,$28084.00,61,0.93,34,0.52,15,0.23,0,0.0,55,0.84,6344,96.56,49.38,7887.0,100.0,70.81,171.0
152,21237,Kentucky,Wolfe,110.875,Worst,10,37.7393,-83.4932,0,0,7264,23.18,19.18,$29326.00,22,0.3,29,0.4,9,0.12,0,0.0,70,0.96,7072,97.36,50.98,7355.0,100.0,71.68,168.0
153,22103,Louisiana,St. Tammany,7.0,Best,1,30.4102,-89.9583,0,0,256327,24.14,16.27,$67926.00,30692,11.97,1466,0.57,3959,1.54,127,0.05,14758,5.76,201531,78.62,51.43,54270.0,23.22,78.69,3002.0
154,22023,Louisiana,Cameron,7.125,Best,2,29.8754,-93.1938,0,0,6912,22.48,15.81,$56025.00,262,3.79,49,0.71,19,0.27,2,0.03,253,3.66,6234,90.19,50.27,6839.0,100.0,81.31,82.0
155,22089,Louisiana,St. Charles,7.625,Best,3,29.9055,-90.3582,0,0,52749,24.61,12.96,$65335.00,13685,25.94,231,0.44,622,1.18,26,0.05,3247,6.16,34303,65.03,51.0,6064.0,11.49,78.0,619.0
156,22005,Louisiana,Ascension,9.875,Best,4,30.2036,-90.9113,0,0,122948,26.91,11.42,$72154.00,28107,22.86,568,0.46,1768,1.44,100,0.08,6834,5.56,84445,68.68,50.49,14170.0,13.22,79.17,1195.0
157,22051,Louisiana,Jefferson,10.25,Best,5,29.7872,-90.1274,0,0,439036,21.91,16.54,$51461.00,116320,26.49,2805,0.64,18783,4.28,284,0.06,65581,14.94,230687,52.54,51.49,4942.0,1.14,77.55,6255.0
158,22029,Louisiana,Concordia,52.25,Worst,6,31.4459,-91.6401,0,0,19866,24.05,16.9,$33873.00,7878,39.66,83,0.42,86,0.43,4,0.02,315,1.59,11317,56.97,49.36,6966.0,33.45,73.28,417.0
159,22107,Louisiana,Tensas,56.125,Worst,7,32.0017,-91.3401,0,0,4615,23.9,23.71,$27959.00,2486,53.87,9,0.2,9,0.2,0,0.0,91,1.97,1967,42.62,51.94,5252.0,100.0,76.16,92.0
160,22067,Louisiana,Morehouse,58.75,Worst,8,32.8202,-91.8018,0,0,25641,24.22,18.14,$32988.00,12145,47.37,57,0.22,129,0.5,17,0.07,345,1.35,12684,49.47,51.78,14000.0,50.04,71.65,590.0
161,22065,Louisiana,Madison,58.875,Worst,9,32.3644,-91.2426,0,0,11316,23.95,13.88,$29507.00,7071,62.49,36,0.32,32,0.28,0,0.0,235,2.08,3836,33.9,50.32,2714.0,22.44,72.58,217.0
162,22035,Louisiana,East Carroll,61.375,Worst,10,32.7325,-91.2351,0,0,7126,24.49,14.41,$26431.00,4832,67.81,24,0.34,38,0.53,0,0.0,179,2.51,1979,27.77,45.99,2683.0,34.58,73.11,133.0
163,23005,Maine,Cumberland,2.75,Best,1,43.8464,-70.3988,0,354,292500,18.91,17.83,$70661.00,8653,2.96,1039,0.36,6703,2.29,99,0.03,6211,2.12,264534,90.44,51.45,101680.0,36.1,80.1,3024.0
164,23013,Maine,Knox,3.875,Best,2,44.141,-69.1686,0,232,39790,17.92,24.43,$51723.00,287,0.72,179,0.45,251,0.63,10,0.03,548,1.38,37952,95.38,50.6,26993.0,67.93,78.57,576.0
165,23023,Maine,Sagadahoc,4.25,Best,3,43.9598,-69.8546,0,83,35392,19.1,21.45,$61047.00,294,0.83,143,0.4,306,0.86,8,0.02,604,1.71,33534,94.75,51.39,21767.0,61.68,79.27,472.0
166,23009,Maine,Hancock,4.875,Best,4,44.6642,-68.3586,0,192,54497,17.3,23.8,$51009.00,478,0.88,254,0.47,632,1.16,14,0.03,810,1.49,51634,94.75,51.51,49038.0,90.11,79.63,730.0
167,23031,Maine,York,5.625,Best,5,43.4782,-70.7144,0,312,204191,19.04,19.74,$66025.00,1716,0.84,758,0.37,2669,1.31,73,0.04,3477,1.7,192624,94.34,51.27,112056.0,56.84,79.15,2550.0
168,23029,Maine,Washington,13.25,Worst,6,45.0306,-67.6288,0,31,31593,18.77,23.89,$37943.00,184,0.58,1695,5.37,155,0.49,12,0.04,695,2.2,28334,89.68,50.68,30352.0,92.38,75.95,586.0
169,23025,Maine,Somerset,14.625,Worst,7,45.5139,-69.9589,0,68,50626,19.21,20.51,$42426.00,254,0.5,285,0.56,377,0.74,23,0.05,563,1.11,48418,95.64,50.25,42031.0,80.48,75.98,914.0
170,23021,Maine,Piscataquis,12.125,Worst,8,45.8373,-69.2846,0,4,16773,16.85,26.18,$40841.00,76,0.45,112,0.67,135,0.8,10,0.06,244,1.45,15979,95.27,50.21,17535.0,100.0,76.81,304.0
171,23001,Maine,Androscoggin,11.0,Worst,9,44.1658,-70.2065,0,98,107651,21.8,17.18,$48446.00,4310,4.0,461,0.43,964,0.9,38,0.04,2063,1.92,97674,90.73,50.98,46707.0,43.37,77.58,1437.0
172,23003,Maine,Aroostook,13.0,Worst,10,46.6589,-68.5989,0,2,67653,18.33,23.31,$42600.00,668,0.99,1320,1.95,318,0.47,30,0.04,818,1.21,63665,94.11,50.5,57687.0,80.27,77.23,1095.0
173,24031,Maryland,Montgomery,3.25,Best,1,39.1363,-77.2042,1,134,1058810,23.26,14.94,$102944.00,194114,18.33,7556,0.71,165603,15.64,1096,0.1,207392,19.59,463431,43.77,51.66,23165.0,2.38,84.33,6799.0
174,24027,Maryland,Howard,3.625,Best,2,39.2507,-76.9312,0,115,321113,24.47,13.39,$111576.00,60492,18.84,1313,0.41,60694,18.9,269,0.08,21973,6.84,167151,52.05,51.13,26560.0,9.25,83.36,2041.0
175,24013,Maryland,Carroll,5.875,Best,3,39.5629,-77.0225,1,169,167781,21.85,16.39,$92890.00,5910,3.52,430,0.26,3267,1.95,117,0.07,6033,3.6,149465,89.08,50.53,66028.0,39.51,78.92,1860.0
176,24021,Maryland,Frederick,6.0,Best,4,39.4722,-77.398,0,126,252022,23.28,14.11,$91727.00,23452,9.31,1203,0.48,12200,4.84,235,0.09,24186,9.6,185367,73.55,50.71,58831.0,25.21,80.13,2341.0
177,24009,Maryland,Calvert,6.75,Best,5,38.5434,-76.5687,0,49,91502,23.39,14.42,$100000.00,11711,12.8,406,0.44,1672,1.83,109,0.12,3666,4.01,71528,78.17,50.46,34350.0,38.71,79.36,969.0
178,24015,Maryland,Cecil,19.125,Worst,6,39.5712,-75.9407,0,61,102746,22.84,15.25,$72259.00,6827,6.64,426,0.41,1484,1.44,67,0.07,4556,4.43,87392,85.06,50.29,42569.0,42.1,76.19,1585.0
179,24019,Maryland,Dorchester,19.875,Worst,7,38.4829,-76.0125,0,4,32162,21.15,21.08,$47011.00,9009,28.01,148,0.46,400,1.24,15,0.05,1806,5.62,20209,62.84,52.46,18338.0,56.22,76.21,537.0
180,24011,Maryland,Caroline,20.75,Worst,9,38.8717,-75.8316,0,12,33193,23.67,15.97,$56338.00,4541,13.68,283,0.85,394,1.19,108,0.33,2490,7.5,25039,75.43,50.89,25130.0,76.0,76.19,487.0
181,24039,Maryland,Somerset,22.75,Worst,10,38.1158,-75.7518,0,6,25918,17.15,16.3,$40320.00,10810,41.71,117,0.45,225,0.87,16,0.06,923,3.56,13297,51.3,46.2,12121.0,45.79,75.08,410.0
182,25021,Massachusetts,Norfolk,3.125,Best,1,42.1607,-71.2111,0,2,700322,21.12,16.58,$100710.00,47699,6.81,1464,0.21,79712,11.38,326,0.05,31923,4.56,528227,75.43,51.93,8321.0,1.24,81.51,6085.0
183,25017,Massachusetts,Middlesex,3.625,Best,2,42.4856,-71.3918,0,0,1602947,19.92,14.98,$97851.00,82756,5.16,4060,0.25,197677,12.33,1035,0.06,128614,8.02,1161576,72.47,51.09,45509.0,3.03,82.05,12383.0
184,25019,Massachusetts,Nantucket,4.0,Best,3,41.2831,-70.0692,0,1,11229,20.93,14.62,$92347.00,1078,9.6,43,0.38,174,1.55,2,0.02,1614,14.37,8179,72.84,49.08,1922.0,18.9,82.86,87.0
185,25015,Massachusetts,Hampshire,5.0,Best,4,42.3402,-72.6638,0,0,161834,14.81,16.56,$67774.00,4628,2.86,463,0.29,9357,5.78,117,0.07,9136,5.65,135377,83.65,53.38,43383.0,27.44,81.23,1374.0
186,25007,Massachusetts,Dukes,5.375,Best,5,41.3961,-70.6501,0,1,17325,17.61,23.37,$67390.00,702,4.05,211,1.22,185,1.07,10,0.06,612,3.53,15159,87.5,50.93,6453.0,39.03,81.78,179.0
187,25027,Massachusetts,Worcester,9.0,Worst,6,42.3514,-71.9077,0,1,826116,21.27,15.28,$70222.00,38049,4.61,3158,0.38,42967,5.2,589,0.07,94699,11.46,635037,76.87,50.65,146856.0,18.39,79.16,8934.0
188,25025,Massachusetts,Suffolk,9.75,Worst,7,42.3336,-71.0709,0,0,797939,16.77,11.75,$65999.00,163952,20.55,5953,0.75,72466,9.08,1418,0.18,183025,22.94,362060,45.37,51.61,535.0,0.07,80.8,6693.0
189,25003,Massachusetts,Berkshire,10.625,Worst,8,42.3707,-73.2064,0,0,126313,17.06,22.8,$56063.00,3787,3.0,384,0.3,2074,1.64,60,0.05,5857,4.64,111794,88.51,51.63,41457.0,31.59,78.97,1721.0
190,25005,Massachusetts,Bristol,12.125,Worst,9,41.7972,-71.1144,0,0,561483,20.67,16.66,$67085.00,24325,4.33,3480,0.62,13541,2.41,642,0.11,44843,7.99,467466,83.26,51.55,53920.0,9.83,78.67,6814.0
191,25013,Massachusetts,Hampden,12.75,Worst,10,42.1351,-72.6316,0,0,469818,21.69,16.47,$51850.00,36244,7.71,3683,0.78,12614,2.68,836,0.18,118654,25.26,294446,62.67,51.68,39725.0,8.57,78.73,5522.0
192,26089,Michigan,Leelanau,6.75,Best,1,44.9386,-85.8118,0,4,21657,16.45,29.86,$66372.00,125,0.58,828,3.82,131,0.6,10,0.05,948,4.38,19489,89.99,50.69,19811.0,91.26,83.5,199.0
193,26047,Michigan,Emmet,10.25,Best,2,45.521,-84.8908,0,1,33193,19.57,21.75,$52796.00,236,0.71,1283,3.87,194,0.58,19,0.06,559,1.68,30295,91.27,50.45,24484.0,74.89,80.25,397.0
194,26161,Michigan,Washtenaw,10.375,Best,3,42.2532,-83.8388,1,17,367627,18.69,13.37,$70509.00,44688,12.16,1484,0.4,34405,9.36,214,0.06,17461,4.75,258514,70.32,50.44,56706.0,16.45,81.59,2844.0
195,26139,Michigan,Ottawa,11.125,Best,4,42.9598,-85.9961,0,23,286383,24.18,14.59,$68816.00,4434,1.55,1674,0.58,8510,2.97,142,0.05,27790,9.7,240353,83.93,50.67,53593.0,20.32,81.86,2032.0
196,26037,Michigan,Clinton,11.75,Best,5,42.9437,-84.6015,0,0,78443,22.49,16.34,$66003.00,1415,1.8,415,0.53,1264,1.61,37,0.05,3536,4.51,70512,89.89,50.46,39897.0,52.93,81.11,696.0
197,26035,Michigan,Clare,74.0,Worst,6,43.9879,-84.8478,0,0,30653,19.75,23.5,$36661.00,203,0.66,264,0.86,97,0.32,11,0.04,605,1.97,29056,94.79,50.05,21847.0,70.64,75.05,666.0
198,26163,Michigan,Wayne,80.75,Worst,7,42.2819,-83.2821,1,6,1753616,23.73,15.12,$45182.00,675436,38.52,8391,0.48,59339,3.38,355,0.02,103699,5.91,869996,49.61,51.86,12664.0,0.7,75.3,28927.0
199,26135,Michigan,Oscoda,71.0,Worst,8,44.6818,-84.1298,0,0,8287,19.4,26.79,$39253.00,29,0.35,78,0.94,15,0.18,5,0.06,131,1.58,7909,95.44,49.09,8640.0,100.0,74.8,177.0
200,26085,Michigan,Lake,70.625,Worst,9,43.9901,-85.8016,0,1,12013,16.14,27.45,$35005.00,1100,9.16,121,1.01,35,0.29,1,0.01,319,2.66,10157,84.55,48.54,11539.0,100.0,78.03,226.0
201,26049,Michigan,Genesee,72.5,Worst,10,43.0217,-83.7067,0,7,407385,22.74,17.02,$46457.00,81595,20.03,2343,0.58,4234,1.04,99,0.02,13900,3.41,295712,72.59,51.78,71342.0,16.76,75.54,6750.0
202,27103,Minnesota,Nicollet,9.875,Best,1,44.3499,-94.2474,0,4,33966,22.04,15.8,$66944.00,1114,3.28,169,0.5,571,1.68,10,0.03,1522,4.48,30157,88.79,49.49,8369.0,25.57,83.15,237.0
203,27109,Minnesota,Olmsted,11.25,Best,2,44.0038,-92.4018,0,35,154930,24.49,15.01,$77110.00,9142,5.9,585,0.38,10005,6.46,120,0.08,7807,5.04,124451,80.33,51.18,23935.0,16.59,82.83,1109.0
204,27019,Minnesota,Carver,12.5,Best,3,44.8208,-93.8026,1,10,102119,27.07,11.47,$102511.00,1861,1.82,322,0.32,3182,3.12,43,0.04,4314,4.22,90907,89.02,50.37,17141.0,18.83,83.08,562.0
205,27163,Minnesota,Washington,12.75,Best,4,45.0387,-92.8839,0,78,256348,24.68,14.39,$92582.00,11653,4.55,1348,0.53,15381,6.0,203,0.08,10703,4.18,212040,82.72,50.52,34454.0,14.47,82.2,1854.0
206,27149,Minnesota,Stevens,13.625,Best,5,45.5861,-96.0003,0,0,9634,20.6,17.31,$59406.00,89,0.92,153,1.59,191,1.98,5,0.05,570,5.92,8470,87.92,50.08,4603.0,47.33,83.51,68.0
207,27095,Minnesota,Mille Lacs,76.125,Worst,6,45.938,-93.6301,0,12,25872,24.26,17.9,$53273.00,151,0.58,1602,6.19,144,0.56,11,0.04,623,2.41,23021,88.98,49.7,18483.0,70.82,77.22,357.0
208,27021,Minnesota,Cass,77.75,Worst,7,46.9496,-94.3254,0,51,29355,21.45,25.12,$51884.00,120,0.41,3697,12.59,118,0.4,7,0.02,617,2.1,24344,82.93,48.97,28567.0,100.0,77.23,478.0
209,27159,Minnesota,Wadena,78.625,Worst,8,46.5858,-94.9694,0,9,13669,25.25,21.1,$45716.00,161,1.18,98,0.72,53,0.39,0,0.0,250,1.83,12899,94.37,50.48,9273.0,66.99,74.96,234.0
210,27087,Minnesota,Mahnomen,79.25,Worst,9,47.3253,-95.809,0,3,5596,31.65,17.23,$43591.00,23,0.41,2443,43.66,7,0.13,1,0.02,245,4.38,2531,45.23,49.73,5413.0,100.0,72.66,111.0
211,27115,Minnesota,Pine,79.5,Worst,10,46.1207,-92.7413,0,31,29203,19.91,20.04,$52226.00,587,2.01,1024,3.51,195,0.67,7,0.02,835,2.86,26090,89.34,46.55,26567.0,89.3,78.48,413.0
212,28073,Mississippi,Lamar,6.25,Best,1,31.206,-89.5087,0,0,61374,24.93,13.33,$57125.00,12361,20.14,199,0.32,876,1.43,55,0.09,1621,2.64,45593,74.29,51.89,28027.0,50.36,77.94,701.0
213,28121,Mississippi,Rankin,9.375,Best,2,32.2641,-89.9458,0,0,152080,23.48,14.91,$65504.00,31160,20.49,342,0.22,2066,1.36,131,0.09,4180,2.75,112753,74.14,51.81,48018.0,33.91,78.97,1832.0
214,28071,Mississippi,Lafayette,10.5,Best,3,34.3567,-89.4849,0,0,54374,18.11,11.97,$47899.00,12827,23.59,187,0.34,1163,2.14,49,0.09,1396,2.57,38243,70.33,51.42,21583.0,45.58,77.21,559.0
215,28089,Mississippi,Madison,11.625,Best,4,32.6347,-90.0337,0,1,104618,25.1,12.66,$69820.00,39720,37.97,354,0.34,2861,2.73,81,0.08,3109,2.97,57994,55.43,52.11,26639.0,27.98,76.62,1232.0
216,28033,Mississippi,DeSoto,11.75,Best,5,34.8754,-89.9918,0,0,178751,25.89,12.63,$66125.00,49344,27.6,551,0.31,2684,1.5,133,0.07,8575,4.8,115340,64.53,51.74,32942.0,20.43,76.91,2220.0
217,28119,Mississippi,Quitman,76.125,Worst,6,34.2514,-90.2891,0,0,7269,23.41,16.74,$26740.00,5120,70.44,22,0.3,18,0.25,3,0.04,113,1.55,1914,26.33,53.18,4687.0,57.0,70.88,170.0
218,28125,Mississippi,Sharkey,72.625,Worst,7,32.8799,-90.8132,0,0,4435,24.4,18.44,$28842.00,3121,70.37,7,0.16,25,0.56,0,0.0,89,2.01,1170,26.38,52.69,4916.0,100.0,71.76,113.0
219,28063,Mississippi,Jefferson,69.75,Worst,8,31.7343,-91.0373,0,0,7262,22.76,16.19,$27925.00,6175,85.03,18,0.25,9,0.12,2,0.03,60,0.83,952,13.11,50.81,7726.0,100.0,72.1,160.0
220,28051,Mississippi,Holmes,68.75,Worst,9,33.1235,-90.0921,0,0,17739,25.82,14.66,$24783.00,14583,82.21,30,0.17,46,0.26,1,0.01,192,1.08,2764,15.58,52.22,16673.0,86.85,71.49,373.0
221,28133,Mississippi,Sunflower,71.0,Worst,10,33.6023,-90.5886,0,0,25981,22.76,13.09,$29704.00,19036,73.27,80,0.31,107,0.41,11,0.04,458,1.76,6163,23.72,47.15,13477.0,45.76,71.52,577.0
222,29151,Missouri,Osage,5.375,Best,1,38.4604,-91.8618,0,0,13662,22.88,17.16,$57694.00,50,0.37,45,0.33,25,0.18,7,0.05,125,0.91,13317,97.47,48.4,13878.0,100.0,80.34,134.0
223,29165,Missouri,Platte,11.5,Best,2,39.3803,-94.7738,0,0,101187,23.83,14.18,$75651.00,6820,6.74,556,0.55,2932,2.9,513,0.51,6264,6.19,82134,81.17,50.64,14120.0,15.81,80.27,923.0
224,29047,Missouri,Clay,11.875,Best,3,39.3105,-94.4209,0,0,242874,24.27,13.82,$67666.00,15543,6.4,1576,0.65,5915,2.44,815,0.34,16685,6.87,197162,81.18,50.95,21785.0,9.82,79.51,2441.0
225,29003,Missouri,Andrew,13.625,Best,4,39.9835,-94.8021,0,0,17555,22.88,18.64,$60759.00,138,0.79,56,0.32,98,0.56,6,0.03,430,2.45,16617,94.66,50.27,10596.0,61.28,79.48,211.0
226,29183,Missouri,St. Charles,15.75,Best,5,38.7819,-90.6749,0,0,395504,23.59,14.67,$81827.00,19211,4.86,1029,0.26,10344,2.62,239,0.06,13045,3.3,344807,87.18,50.82,21018.0,5.83,80.44,3607.0
227,29143,Missouri,New Madrid,105.125,Worst,6,36.5946,-89.6517,0,0,17582,23.01,18.6,$38542.00,2762,15.71,50,0.28,76,0.43,10,0.06,357,2.03,14042,79.87,52.02,10779.0,56.86,73.67,367.0
228,29221,Missouri,Washington,105.5,Worst,7,37.9617,-90.8774,0,0,25022,23.09,16.29,$37318.00,589,2.35,118,0.47,67,0.27,9,0.04,362,1.45,23587,94.27,48.59,20276.0,80.48,73.17,522.0
229,29133,Missouri,Mississippi,107.375,Worst,8,36.8281,-89.2911,0,0,13586,21.14,17.31,$34185.00,3359,24.72,48,0.35,36,0.26,2,0.01,298,2.19,9680,71.25,46.0,4695.0,32.7,73.63,270.0
230,29069,Missouri,Dunklin,110.5,Worst,9,36.2721,-90.0909,0,0,30119,25.81,18.18,$33721.00,3045,10.11,135,0.45,182,0.6,6,0.02,2036,6.76,24258,80.54,52.0,16122.0,50.46,72.8,672.0
231,29155,Missouri,Pemiscot,112.75,Worst,10,36.2114,-89.7854,0,0,16826,26.05,16.41,$32224.00,4434,26.35,82,0.49,75,0.45,13,0.08,437,2.6,11536,68.56,52.73,9014.0,49.27,70.75,413.0
232,30031,Montana,Gallatin,7.25,Best,1,45.5404,-111.1704,0,0,107810,20.16,12.13,$61446.00,441,0.41,1061,0.98,1536,1.42,98,0.09,3925,3.64,99059,91.88,48.15,30025.0,33.54,82.29,640.0
233,30057,Montana,Madison,9.125,Best,2,45.3007,-111.9203,0,0,8175,15.76,29.02,$50248.00,38,0.46,70,0.86,37,0.45,1,0.01,288,3.52,7626,93.28,48.02,7691.0,100.0,81.59,94.0
234,30095,Montana,Stillwater,10.625,Best,3,45.669,-109.3952,0,0,9419,21.75,22.03,$63140.00,22,0.23,110,1.17,65,0.69,1,0.01,351,3.73,8765,93.06,48.83,9117.0,100.0,80.13,116.0
235,30009,Montana,Carbon,10.75,Best,4,45.2274,-109.0281,0,0,10696,17.95,24.84,$52726.00,59,0.55,134,1.25,35,0.33,7,0.07,268,2.51,10083,94.27,49.22,10078.0,100.0,80.04,143.0
236,30097,Montana,Sweet Grass,11.375,Best,5,45.8139,-109.941,0,0,3691,20.78,25.17,$52303.00,14,0.38,40,1.08,22,0.6,1,0.03,92,2.49,3460,93.74,48.58,3651.0,100.0,81.56,42.0
237,30087,Montana,Rosebud,41.375,Worst,6,46.2297,-106.7307,0,0,9248,29.07,15.04,$54998.00,33,0.36,3577,38.68,84,0.91,4,0.04,484,5.23,5106,55.21,49.46,9233.0,100.0,73.54,163.0
238,30005,Montana,Blaine,42.375,Worst,7,48.4327,-108.9586,0,0,6708,30.26,15.13,$37653.00,17,0.25,3360,50.09,23,0.34,1,0.01,192,2.86,3047,45.42,50.48,6491.0,100.0,73.39,100.0
239,30035,Montana,Glacier,46.75,Worst,8,48.7051,-112.9947,0,0,13640,31.2,11.88,$38345.00,32,0.23,8780,64.37,44,0.32,4,0.03,380,2.79,4214,30.89,51.3,5897.0,44.01,69.11,290.0
240,30085,Montana,Roosevelt,42.375,Worst,9,48.2945,-105.0164,0,0,11098,33.76,10.7,$42379.00,43,0.39,6637,59.8,56,0.5,2,0.02,406,3.66,3801,34.25,49.9,4142.0,39.73,68.08,254.0
241,30003,Montana,Big Horn,45.5,Worst,10,45.4234,-107.4898,0,0,13360,34.26,12.38,$41957.00,51,0.38,8877,66.44,55,0.41,3,0.02,787,5.89,3637,27.22,50.52,9251.0,71.91,68.61,282.0
242,31143,Nebraska,Polk,13.125,Best,1,41.1869,-97.5684,0,0,5328,22.99,21.6,$61422.00,11,0.21,28,0.53,11,0.21,3,0.06,296,5.56,4934,92.61,50.38,5406.0,100.0,81.3,53.0
243,31089,Nebraska,Holt,14.125,Best,2,42.4557,-98.7838,0,0,10202,24.75,21.56,$50370.00,29,0.28,77,0.75,69,0.68,11,0.11,501,4.91,9502,93.14,50.02,6753.0,64.71,80.52,111.0
244,31159,Nebraska,Seward,15.0,Best,3,40.8724,-97.1395,0,0,17161,23.32,16.69,$68762.00,92,0.54,98,0.57,89,0.52,3,0.02,464,2.7,16249,94.69,49.07,10114.0,60.38,79.05,193.0
245,31177,Nebraska,Washington,15.375,Best,4,41.5311,-96.222,0,0,20721,23.78,17.58,$72385.00,150,0.72,75,0.36,86,0.42,21,0.1,650,3.14,19555,94.37,50.13,12390.0,61.23,80.27,197.0
246,31081,Nebraska,Hamilton,16.5,Best,5,40.873,-98.0229,0,0,9207,24.0,19.24,$68296.00,34,0.37,35,0.38,33,0.36,2,0.02,323,3.51,8722,94.73,50.09,4658.0,51.05,81.72,95.0
247,31173,Nebraska,Thurston,77.0,Worst,6,42.1582,-96.544,0,0,7223,36.02,11.78,$45328.00,35,0.48,4222,58.45,40,0.55,2,0.03,401,5.55,2596,35.94,50.95,6940.0,100.0,70.63,129.0
248,31097,Nebraska,Johnson,67.125,Worst,7,40.3926,-96.2651,0,0,5185,19.21,18.4,$48518.00,318,6.13,76,1.47,75,1.45,0,0.0,536,10.34,4159,80.21,40.91,5217.0,100.0,76.93,63.0
249,31147,Nebraska,Richardson,64.375,Worst,8,40.125,-95.7175,0,0,7969,21.14,24.41,$48087.00,24,0.3,246,3.09,33,0.41,1,0.01,161,2.02,7358,92.33,49.93,4230.0,50.58,78.3,125.0
250,31043,Nebraska,Dakota,66.375,Worst,9,42.3911,-96.5646,0,0,20186,28.48,13.49,$52055.00,891,4.41,833,4.13,675,3.34,112,0.55,8019,39.73,9778,48.44,49.71,4430.0,21.09,78.25,224.0
251,31111,Nebraska,Lincoln,67.125,Worst,10,41.0477,-100.7453,0,0,35280,23.81,18.64,$55934.00,301,0.85,375,1.06,340,0.96,32,0.09,3039,8.61,30994,87.85,50.58,11075.0,30.52,78.42,442.0
252,32005,Nevada,Douglas,3.375,Best,1,38.9122,-119.6164,0,0,48309,17.26,27.18,$66092.00,439,0.91,1115,2.31,888,1.84,119,0.25,6217,12.87,38840,80.4,49.8,14829.0,31.55,81.41,592.0
253,32017,Nevada,Lincoln,5.0,Best,2,37.6433,-114.8775,0,0,5223,20.85,23.97,$54844.00,150,2.87,87,1.67,42,0.8,16,0.31,427,8.18,4408,84.4,46.16,5345.0,100.0,80.38,78.0
254,32029,Nevada,Storey,5.0,Best,3,39.4469,-119.5293,0,0,4006,12.26,30.4,$61751.00,61,1.52,79,1.97,86,2.15,16,0.4,323,8.06,3374,84.22,49.0,3715.0,92.64,89.51,56.0
255,32007,Nevada,Elko,5.25,Best,4,41.1458,-115.3577,0,0,52649,27.5,10.84,$76439.00,577,1.1,3319,6.3,648,1.23,135,0.26,13011,24.71,35028,66.53,47.94,18478.0,37.85,79.07,550.0
256,32031,Nevada,Washoe,5.5,Best,5,40.6657,-119.6643,0,1,460587,21.86,15.87,$61506.00,10237,2.22,10142,2.2,27246,5.92,3384,0.73,113304,24.6,289441,62.84,49.69,17981.0,4.27,78.16,5888.0
257,32003,Nevada,Clark,8.875,Worst,6,36.2152,-115.0135,0,11,2204079,23.33,14.38,$57217.00,250925,11.38,26661,1.21,231162,10.49,18810,0.85,688812,31.25,940162,42.66,50.11,25485.0,1.31,78.78,25986.0
258,32510,Nevada,Carson City,9.25,Worst,7,39.1512,-119.7474,0,1,54745,20.21,20.14,$55228.00,1026,1.87,1506,2.75,1398,2.55,164,0.3,13238,24.18,36746,67.12,48.46,2675.0,4.84,74.39,1102.0
259,32019,Nevada,Lyon,11.875,Worst,8,39.0203,-119.1891,0,0,54122,21.68,21.11,$54588.00,532,0.98,1837,3.39,835,1.54,188,0.35,9357,17.29,40566,74.95,48.98,19200.0,36.94,76.49,915.0
260,32023,Nevada,Nye,12.75,Worst,9,38.0423,-116.4719,0,1,44202,16.72,29.94,$48513.00,1371,3.1,826,1.87,778,1.76,266,0.6,6505,14.72,33744,76.34,48.86,15500.0,35.27,74.12,1109.0
261,32021,Nevada,Mineral,13.125,Worst,10,38.5388,-118.4351,0,0,4457,19.14,24.01,$45589.00,162,3.63,818,18.35,189,4.24,10,0.22,530,11.89,2743,61.54,50.44,1523.0,31.92,74.21,110.0
262,33009,New Hampshire,Grafton,1.875,Best,1,43.9406,-71.8208,1,119,89386,16.45,20.05,$63322.00,935,1.05,349,0.39,3325,3.72,27,0.03,2105,2.35,81250,90.9,50.59,61238.0,68.72,80.98,945.0
263,33015,New Hampshire,Rockingham,2.625,Best,2,42.9876,-71.1254,1,415,306363,19.66,17.26,$89049.00,2293,0.75,714,0.23,6414,2.09,143,0.05,9074,2.96,284060,92.72,50.45,73505.0,24.9,80.39,3217.0
264,33013,New Hampshire,Merrimack,3.5,Best,3,43.2975,-71.6802,0,250,149216,19.3,17.77,$70408.00,1995,1.34,416,0.28,3153,2.11,55,0.04,3252,2.18,138345,92.71,50.67,79978.0,54.61,79.62,1709.0
265,33005,New Hampshire,Cheshire,5.5,Best,4,42.9194,-72.2512,0,75,75960,18.06,19.31,$60844.00,515,0.68,245,0.32,1138,1.5,34,0.04,1425,1.88,71640,94.31,51.05,50138.0,65.02,79.22,881.0
266,33011,New Hampshire,Hillsborough,5.75,Best,5,42.9153,-71.7161,1,419,409697,20.66,15.34,$78171.00,9158,2.24,1232,0.3,17023,4.16,262,0.06,27605,6.74,348205,84.99,50.32,84918.0,21.19,79.29,4492.0
267,33007,New Hampshire,Coos,9.0,Worst,6,44.6896,-71.3056,1,10,31634,16.53,23.2,$43836.00,259,0.82,150,0.47,183,0.58,2,0.01,568,1.8,30063,95.03,47.32,21896.0,66.24,76.76,547.0
268,33017,New Hampshire,Strafford,8.0,Worst,7,43.297,-71.0289,1,159,128613,18.78,14.63,$68864.00,1407,1.09,372,0.29,4570,3.55,54,0.04,3100,2.41,117029,90.99,51.06,39900.0,32.4,78.27,1442.0
269,33001,New Hampshire,Belknap,6.125,Worst,8,43.5179,-71.4227,0,72,60785,18.63,21.54,$63902.00,329,0.54,175,0.29,647,1.06,17,0.03,1027,1.69,57845,95.16,50.66,39826.0,66.28,78.34,829.0
270,33003,New Hampshire,Carroll,5.875,Worst,9,43.8738,-71.2031,0,96,48064,16.16,27.05,$58005.00,238,0.5,165,0.34,345,0.72,14,0.03,719,1.5,46082,95.88,50.38,43133.0,90.2,79.64,673.0
271,33019,New Hampshire,Sullivan,6.75,Worst,10,43.3614,-72.2222,1,74,43077,19.04,21.01,$59493.00,278,0.65,160,0.37,404,0.94,7,0.02,692,1.61,40928,95.01,50.59,28066.0,64.16,79.14,584.0
272,34019,New Jersey,Hunterdon,2.75,Best,1,40.5673,-74.9122,0,339,125059,19.83,17.79,$113083.00,2968,2.37,253,0.2,5143,4.11,324,0.26,8281,6.62,106933,85.51,50.57,63622.0,49.57,83.08,1041.0
273,34035,New Jersey,Somerset,3.0,Best,2,40.5635,-74.6163,0,200,335432,22.09,15.18,$111838.00,31109,9.27,1216,0.36,61620,18.37,280,0.08,49635,14.8,187786,55.98,51.13,18736.0,5.79,82.46,2518.0
274,34027,New Jersey,Morris,3.25,Best,3,40.862,-74.5445,0,425,499693,21.4,16.58,$114269.00,16030,3.21,1523,0.3,53589,10.72,200,0.04,68153,13.64,354349,70.91,50.91,33324.0,6.77,82.71,3829.0
275,34003,New Jersey,Bergen,4.5,Best,4,40.9596,-74.0742,1,196,948406,21.24,16.84,$93805.00,51725,5.45,4339,0.46,162793,17.16,777,0.08,189053,19.93,532494,56.15,51.49,919.0,0.1,83.19,6964.0
276,34025,New Jersey,Monmouth,6.5,Best,5,40.2603,-74.2213,0,368,626351,21.38,17.01,$97627.00,43123,6.88,1730,0.28,35657,5.69,426,0.07,68918,11.0,469637,74.98,51.36,23510.0,3.73,80.88,6126.0
277,34013,New Jersey,Essex,17.125,Worst,6,40.7872,-74.247,0,113,808285,23.6,13.32,$60284.00,313504,38.79,5920,0.73,46237,5.72,1010,0.12,187730,23.23,248910,30.79,51.89,114.0,0.01,79.51,8739.0
278,34001,New Jersey,Atlantic,17.125,Worst,7,39.4777,-74.661,1,94,269918,21.49,17.3,$59309.00,39335,14.57,1788,0.66,23533,8.72,206,0.08,51341,19.02,150621,55.8,51.54,34905.0,12.71,77.46,3879.0
279,34033,New Jersey,Salem,18.375,Worst,8,39.5876,-75.3491,0,46,62792,21.56,18.23,$61322.00,8436,13.43,362,0.58,670,1.07,34,0.05,5663,9.02,46677,74.34,51.11,29936.0,45.3,76.66,998.0
280,34011,New Jersey,Cumberland,20.375,Worst,9,39.3738,-75.1108,0,63,152538,23.78,14.96,$51786.00,28684,18.8,2496,1.64,2323,1.52,198,0.13,46911,30.75,70648,46.32,48.88,36129.0,23.03,75.71,2286.0
281,34007,New Jersey,Camden,16.375,Worst,10,39.8035,-74.9597,0,80,510719,22.82,15.25,$65817.00,94667,18.54,3296,0.65,31138,6.1,545,0.11,86782,16.99,288740,56.54,51.74,8308.0,1.62,77.72,6532.0
282,35028,New Mexico,Los Alamos,1.125,Best,1,35.8694,-106.3074,0,0,18738,22.68,17.36,$118380.00,192,1.02,271,1.45,1204,6.43,20,0.11,3342,17.84,13498,72.04,49.33,2018.0,11.24,83.84,123.0
283,35049,New Mexico,Santa Fe,6.375,Best,2,35.5069,-105.9763,0,2,148750,18.44,23.21,$58639.00,1259,0.85,6342,4.26,2331,1.57,280,0.19,75931,51.05,64005,43.03,51.4,36274.0,25.16,81.33,1726.0
284,35043,New Mexico,Sandoval,8.25,Best,3,35.6886,-106.8659,0,0,142507,23.53,17.09,$56937.00,2872,2.02,19845,13.93,2323,1.63,276,0.19,55595,39.01,62121,43.59,51.02,22442.0,17.06,79.62,1601.0
285,35001,New Mexico,Bernalillo,8.75,Best,4,35.0513,-106.6701,1,5,676773,22.12,15.75,$51091.00,16512,2.44,41667,6.16,19180,2.83,1024,0.15,338920,50.08,263109,38.88,50.95,27798.0,4.2,78.58,8187.0
286,35003,New Mexico,Catron,9.875,Best,5,33.9152,-108.4046,1,0,3587,12.41,40.37,$34458.00,23,0.64,134,3.74,9,0.25,1,0.03,674,18.79,2702,75.33,47.42,3725.0,100.0,86.86,65.0
287,35045,New Mexico,San Juan,23.5,Worst,6,36.5085,-108.3206,0,0,126926,27.09,14.25,$46977.00,705,0.56,51852,40.85,778,0.61,102,0.08,25580,20.15,48795,38.44,50.47,43778.0,33.66,76.34,1694.0
288,35029,New Mexico,Luna,24.375,Worst,7,32.1822,-107.7498,0,0,24078,26.4,20.86,$30621.00,248,1.03,582,2.42,212,0.88,38,0.16,16104,66.88,7169,29.77,49.81,10192.0,40.61,75.6,426.0
289,35006,New Mexico,Cibola,24.75,Worst,8,34.9125,-107.9997,0,0,26853,23.95,15.64,$37753.00,250,0.93,11731,43.69,150,0.56,34,0.13,10296,38.34,5169,19.25,48.88,15061.0,55.34,76.14,427.0
290,35039,New Mexico,Rio Arriba,26.125,Worst,9,36.5096,-106.6931,0,0,39159,23.73,18.68,$36977.00,159,0.41,7432,18.98,241,0.62,88,0.22,27913,71.28,5067,12.94,51.03,20028.0,49.76,73.86,729.0
291,35031,New Mexico,McKinley,30.875,Worst,10,35.5807,-108.2618,0,0,72564,29.17,11.79,$31746.00,345,0.48,57436,79.15,720,0.99,39,0.05,10332,14.24,6213,8.56,51.59,41021.0,57.38,73.05,1217.0
292,36091,New York,Saratoga,10.5,Best,1,43.1074,-73.8639,1,126,229869,20.37,17.46,$82732.00,3895,1.69,534,0.23,6781,2.95,117,0.05,7427,3.23,207571,90.3,50.46,65798.0,29.96,80.92,2265.0
293,36109,New York,Tompkins,10.5,Best,2,42.452,-76.4736,1,55,104802,14.76,13.79,$56539.00,4070,3.88,472,0.45,11827,11.29,67,0.06,5290,5.05,80425,76.74,50.83,44021.0,43.34,80.77,883.0
294,36059,New York,Nassau,10.875,Best,3,40.7328,-73.5864,1,29,1369514,21.56,17.39,$107465.00,158324,11.56,7298,0.53,138781,10.13,1306,0.1,234880,17.15,819674,59.85,51.37,2575.0,0.19,82.83,10768.0
295,36079,New York,Putnam,11.875,Best,4,41.4267,-73.7495,1,121,99323,19.98,16.7,$98765.00,2708,2.73,422,0.42,2235,2.25,58,0.06,15036,15.14,78050,78.58,49.97,20490.0,20.55,81.67,943.0
296,36087,New York,Rockland,13.125,Best,5,41.1524,-74.0241,1,48,328868,27.92,15.48,$87873.00,37747,11.48,1727,0.53,21361,6.5,447,0.14,59089,17.97,206174,62.69,51.01,2236.0,0.72,83.31,2372.0
297,36005,New York,Bronx,55.75,Worst,6,40.85,-73.866,0,25,1471160,24.86,12.32,$37377.00,431776,29.35,43002,2.92,66509,4.52,6081,0.41,826176,56.16,135770,9.23,52.84,39.0,0.0,80.36,14817.0
298,36009,New York,Cattaraugus,53.375,Worst,7,42.2486,-78.6789,1,51,77348,22.31,18.58,$47875.00,1122,1.45,2685,3.47,650,0.84,24,0.03,1616,2.09,69999,90.5,50.29,49598.0,61.75,77.76,1095.0
299,36105,New York,Sullivan,52.375,Worst,8,41.7164,-74.7681,1,26,75485,21.1,18.49,$52504.00,6165,8.17,531,0.7,1277,1.69,60,0.08,12225,16.2,54218,71.83,48.58,57513.0,74.17,78.14,1106.0
300,36057,New York,Montgomery,50.25,Worst,9,42.9023,-74.4397,1,57,49258,22.9,18.31,$46601.00,1000,2.03,289,0.59,431,0.87,76,0.15,6973,14.16,40043,81.29,50.72,20559.0,40.94,77.69,669.0
301,36063,New York,Niagara,53.375,Worst,10,43.2001,-78.7452,0,3,211328,20.09,18.53,$54317.00,14815,7.01,2401,1.14,2400,1.14,87,0.04,6226,2.95,180765,85.54,51.23,48577.0,22.44,77.63,3022.0
302,37135,North Carolina,Orange,7.25,Best,1,36.0611,-79.1207,0,0,144946,19.81,13.4,$69422.00,16643,11.48,883,0.61,11931,8.23,103,0.07,12336,8.51,100493,69.33,52.33,38176.0,28.53,81.73,1077.0
303,37021,North Carolina,Buncombe,11.125,Best,2,35.6112,-82.5301,0,26,257607,18.81,19.38,$50271.00,15693,6.09,1321,0.51,3668,1.42,389,0.15,17065,6.62,215241,83.55,52.05,57386.0,24.08,78.57,3393.0
304,37055,North Carolina,Dare,11.25,Best,3,35.7795,-75.798,1,4,36099,19.1,20.64,$57316.00,890,2.47,199,0.55,267,0.74,21,0.06,2626,7.27,31614,87.58,50.61,9823.0,28.96,79.24,531.0
305,37183,North Carolina,Wake,11.375,Best,4,35.7903,-78.6503,0,36,1072203,24.19,11.23,$77641.00,215097,20.06,8543,0.8,77597,7.24,859,0.08,109867,10.25,644977,60.15,51.32,54973.0,6.1,81.54,7537.0
306,37149,North Carolina,Polk,12.875,Best,5,35.2793,-82.1697,0,1,20558,16.4,30.45,$45587.00,856,4.16,128,0.62,126,0.61,2,0.01,1254,6.1,18021,87.66,51.98,18925.0,92.27,79.72,297.0
307,37017,North Carolina,Bladen,90.25,Worst,6,34.6146,-78.5636,0,1,33478,20.89,20.75,$38059.00,11268,33.66,1009,3.01,114,0.34,16,0.05,2638,7.88,18224,54.44,52.33,32105.0,91.23,74.57,695.0
308,37165,North Carolina,Scotland,91.875,Worst,7,34.8409,-79.4804,0,0,35093,22.99,17.65,$37947.00,13635,38.85,4270,12.17,293,0.83,17,0.05,1029,2.93,15235,43.41,50.51,17497.0,48.39,74.48,688.0
309,37083,North Carolina,Halifax,93.5,Worst,8,36.2575,-77.6517,0,0,51310,21.31,20.11,$34027.00,27168,52.95,2075,4.04,437,0.85,36,0.07,1516,2.95,19678,38.35,51.91,29919.0,54.71,75.46,987.0
310,37153,North Carolina,Richmond,93.875,Worst,9,35.0059,-79.7478,0,1,44798,22.85,17.72,$36401.00,13927,31.09,1415,3.16,415,0.93,67,0.15,2928,6.54,25580,57.1,51.12,21235.0,45.53,73.29,940.0
311,37155,North Carolina,Robeson,96.0,Worst,10,34.6402,-79.1039,0,0,132606,25.11,14.75,$33714.00,30975,23.36,54795,41.32,898,0.68,206,0.16,11812,8.91,33526,25.28,51.76,84007.0,62.61,73.4,2515.0
312,38011,North Dakota,Bowman,8.875,Best,1,46.1126,-103.5206,0,0,3166,24.32,20.44,$59451.00,7,0.22,76,2.4,5,0.16,3,0.09,180,5.69,2913,92.01,49.27,3151.0,100.0,82.69,26.0
313,38103,North Dakota,Wells,8.875,Best,2,47.5875,-99.6609,0,0,4022,20.49,27.75,$54556.00,18,0.45,23,0.57,12,0.3,2,0.05,50,1.24,3872,96.27,48.98,4207.0,100.0,79.37,58.0
314,38015,North Dakota,Burleigh,11.75,Best,3,46.9775,-100.4687,0,3,95030,23.28,15.42,$70075.00,2081,2.19,3939,4.15,744,0.78,67,0.07,2449,2.58,84467,88.88,49.81,15081.0,18.55,81.08,872.0
315,38097,North Dakota,Traill,12.5,Best,4,47.4542,-97.1616,0,0,8013,22.75,19.43,$63204.00,55,0.69,127,1.58,52,0.65,2,0.02,301,3.76,7355,91.79,49.37,8121.0,100.0,77.75,99.0
316,38091,North Dakota,Steele,13.0,Best,5,47.4562,-97.7246,0,0,1917,21.96,23.47,$66210.00,6,0.31,29,1.51,5,0.26,0,0.0,38,1.98,1826,95.25,47.99,1975.0,100.0,80.41,21.0
317,38053,North Dakota,McKenzie,38.25,Worst,6,47.7402,-103.3953,0,1,12724,30.79,9.33,$75408.00,163,1.28,1330,10.45,124,0.97,8,0.06,1024,8.05,9958,78.26,47.2,6360.0,100.0,78.88,131.0
318,38061,North Dakota,Mountrail,39.375,Worst,7,48.2013,-102.3557,0,0,10265,26.94,11.33,$64247.00,99,0.96,3024,29.46,32,0.31,4,0.04,804,7.83,6277,61.15,46.2,7673.0,100.0,73.23,150.0
319,38005,North Dakota,Benson,46.125,Worst,8,48.0694,-99.366,0,1,6936,34.53,13.68,$41941.00,34,0.49,3840,55.36,14,0.2,1,0.01,212,3.06,2836,40.89,49.28,6660.0,100.0,71.23,129.0
320,38085,North Dakota,Sioux,46.625,Worst,9,46.1127,-101.0404,0,0,4376,37.11,7.66,$34705.00,23,0.53,3603,82.34,6,0.14,1,0.02,190,4.34,537,12.27,50.46,4153.0,100.0,67.75,115.0
321,38079,North Dakota,Rolette,47.875,Worst,10,48.7724,-99.8409,0,0,14531,33.64,11.16,$40777.00,51,0.35,11332,77.98,26,0.18,1,0.01,291,2.0,2637,18.15,50.33,13937.0,100.0,72.31,245.0
322,39041,Ohio,Delaware,6.375,Best,1,40.2784,-83.0049,0,5,200464,26.83,13.21,$107676.00,7023,3.5,392,0.2,13262,6.62,96,0.05,5176,2.58,170948,85.28,50.47,33641.0,19.31,82.56,1349.0
323,39103,Ohio,Medina,9.5,Best,2,41.1176,-81.8997,0,5,178371,22.65,17.27,$72926.00,2435,1.37,322,0.18,2243,1.26,38,0.02,3704,2.08,167578,93.95,50.57,51345.0,29.79,79.89,1861.0
324,39165,Ohio,Warren,10.25,Best,3,39.4276,-84.1668,0,2,228882,25.09,14.14,$85532.00,7979,3.49,441,0.19,13177,5.76,209,0.09,6205,2.71,197655,86.36,49.77,36724.0,17.27,79.49,2191.0
325,39137,Ohio,Putnam,12.125,Best,4,41.0221,-84.1317,0,0,33878,25.48,16.88,$62944.00,114,0.34,116,0.34,90,0.27,6,0.02,2098,6.19,31337,92.5,49.81,29207.0,84.66,80.27,335.0
326,39159,Ohio,Union,13.375,Best,5,40.2994,-83.3716,0,1,56741,24.94,11.98,$86609.00,1496,2.64,134,0.24,2328,4.1,17,0.03,937,1.65,51059,89.99,52.17,26125.0,49.95,79.1,531.0
327,39001,Ohio,Adams,79.125,Worst,6,38.8456,-83.472,0,3,27726,24.08,17.4,$41644.00,122,0.44,150,0.54,67,0.24,3,0.01,276,1.0,26748,96.47,50.24,25417.0,89.03,72.96,562.0
328,39101,Ohio,Marion,75.25,Worst,7,40.5872,-83.1609,0,0,64967,20.81,17.46,$46450.00,4145,6.38,187,0.29,410,0.63,48,0.07,1694,2.61,57389,88.34,46.84,20117.0,30.25,75.15,1123.0
329,39079,Ohio,Jackson,75.0,Worst,8,39.0196,-82.6184,0,1,32449,23.84,16.9,$44671.00,242,0.75,141,0.43,102,0.31,15,0.05,357,1.1,31150,96.0,51.08,21457.0,64.58,73.44,653.0
330,39105,Ohio,Meigs,73.625,Worst,9,39.0822,-82.0229,0,0,23080,21.49,19.32,$42200.00,207,0.9,66,0.29,58,0.25,2,0.01,181,0.78,22296,96.6,50.69,19324.0,81.3,74.13,446.0
331,39163,Ohio,Vinton,74.625,Worst,10,39.251,-82.4853,0,1,13092,22.17,17.25,$40927.00,60,0.46,63,0.48,31,0.24,0,0.0,105,0.8,12653,96.65,49.8,13435.0,100.0,75.15,230.0
332,40017,Oklahoma,Canadian,8.625,Best,1,35.5424,-97.9824,0,0,139926,26.07,12.78,$73878.00,4208,3.01,7136,5.1,4534,3.24,160,0.11,12275,8.77,106875,76.38,50.37,26006.0,22.51,78.54,1476.0
333,40073,Oklahoma,Kingfisher,9.75,Best,2,35.9454,-97.9421,0,0,15669,27.1,15.74,$61728.00,210,1.34,606,3.87,63,0.4,9,0.06,2464,15.73,11974,76.42,50.19,10890.0,72.44,77.88,201.0
334,40003,Oklahoma,Alfalfa,13.25,Best,3,36.7311,-98.324,0,0,5907,20.37,19.05,$52017.00,249,4.22,247,4.18,22,0.37,3,0.05,316,5.35,4972,84.17,40.61,5642.0,100.0,80.1,70.0
335,40027,Oklahoma,Cleveland,13.5,Best,4,35.2031,-97.3265,0,0,279641,21.87,12.87,$61364.00,13962,4.99,14622,5.23,13351,4.77,357,0.13,24258,8.67,200760,71.79,49.99,43181.0,16.88,79.09,2990.0
336,40053,Oklahoma,Grant,13.625,Best,5,36.7961,-97.7861,0,0,4395,23.89,21.64,$45025.00,71,1.62,115,2.62,9,0.2,1,0.02,219,4.98,3873,88.12,50.19,4527.0,100.0,75.35,85.0
337,40079,Oklahoma,Le Flore,66.75,Worst,6,34.9003,-94.7034,0,0,49731,23.92,17.68,$38576.00,1059,2.13,6776,13.63,352,0.71,134,0.27,3436,6.91,35589,71.56,49.76,36728.0,72.9,73.07,1046.0
338,40135,Oklahoma,Sequoyah,69.0,Worst,7,35.4954,-94.7552,0,0,41252,22.83,18.51,$37755.00,743,1.8,9092,22.04,274,0.66,38,0.09,1733,4.2,25928,62.85,50.57,28243.0,66.62,73.08,886.0
339,40089,Oklahoma,McCurtain,71.5,Worst,8,34.1154,-94.7713,0,0,32808,25.18,17.89,$32092.00,2654,8.09,5586,17.03,220,0.67,264,0.8,1925,5.87,20532,62.58,50.94,22958.0,69.25,72.36,716.0
340,40001,Oklahoma,Adair,73.25,Worst,9,35.8839,-94.6587,0,0,21909,26.07,15.85,$33187.00,111,0.51,9930,45.32,152,0.69,12,0.05,1440,6.57,8790,40.12,50.04,18894.0,83.3,72.68,438.0
341,40023,Oklahoma,Choctaw,75.375,Worst,10,34.0266,-95.5522,0,0,14863,24.19,20.29,$30501.00,1557,10.48,2681,18.04,75,0.5,7,0.05,654,4.4,9033,60.78,51.97,10177.0,66.93,71.25,349.0
342,41003,Oregon,Benton,3.875,Best,1,44.4918,-123.4293,0,5,90951,16.54,15.63,$60572.00,997,1.1,762,0.84,6082,6.69,244,0.27,6789,7.46,73246,80.53,49.92,16058.0,18.76,82.69,626.0
343,41027,Oregon,Hood River,4.75,Best,2,45.519,-121.651,0,3,23377,24.43,15.22,$63951.00,96,0.41,300,1.28,377,1.61,58,0.25,7315,31.29,14917,63.81,50.08,11659.0,52.17,81.36,196.0
344,41067,Oregon,Washington,4.875,Best,3,45.5601,-123.0984,0,5,588957,23.27,12.94,$80845.00,11959,2.03,6585,1.12,64391,10.93,3131,0.53,99000,16.81,388199,65.91,50.55,29611.0,5.59,82.47,4109.0
345,41005,Oregon,Clackamas,7.0,Best,4,45.188,-122.2209,0,2,412672,21.74,17.45,$79404.00,3921,0.95,4464,1.08,19058,4.62,1137,0.28,35714,8.65,338294,81.98,50.79,67974.0,18.08,80.67,4073.0
346,41017,Oregon,Deschutes,7.0,Best,5,43.9151,-121.2281,0,2,186875,20.49,19.41,$65506.00,827,0.44,2063,1.1,2218,1.19,281,0.15,14979,8.02,163265,87.37,50.56,43603.0,27.64,81.21,1777.0
347,41033,Oregon,Josephine,28.25,Worst,6,42.3655,-123.5555,0,6,86352,19.6,25.41,$43492.00,395,0.46,1426,1.65,907,1.05,213,0.25,6474,7.5,75044,86.9,51.28,37191.0,44.96,76.59,1574.0
348,41035,Oregon,Klamath,28.375,Worst,7,42.6864,-121.6502,0,0,66935,21.6,20.78,$41875.00,500,0.75,3269,4.88,789,1.18,129,0.19,8801,13.15,52049,77.76,50.25,24946.0,37.58,76.2,1103.0
349,41031,Oregon,Jefferson,29.625,Worst,8,44.6294,-121.1762,0,0,23758,23.58,18.99,$49616.00,231,0.97,4515,19.0,236,0.99,62,0.26,4710,19.82,14285,60.13,48.41,13710.0,63.12,77.98,303.0
350,41011,Oregon,Coos,29.875,Worst,9,43.1742,-124.0594,0,0,63888,18.57,25.3,$42464.00,291,0.46,1854,2.9,818,1.28,182,0.28,4172,6.53,54447,85.22,50.65,24179.0,38.35,76.41,1227.0
351,41045,Oregon,Malheur,30.625,Worst,10,43.1934,-117.6231,0,1,30480,25.62,16.41,$41786.00,386,1.27,618,2.03,502,1.65,65,0.21,10357,33.98,18542,60.83,45.74,15161.0,48.42,77.08,397.0
352,42091,Pennsylvania,Montgomery,6.125,Best,1,40.2108,-75.3673,1,363,826075,21.62,17.33,$87338.00,76499,9.26,1934,0.23,65404,7.92,506,0.06,42788,5.18,625737,75.75,51.34,23466.0,2.93,80.88,7805.0
353,42027,Pennsylvania,Centre,7.125,Best,2,40.9193,-77.82,1,255,162660,15.25,13.7,$56366.00,5835,3.59,269,0.17,10438,6.42,96,0.06,4869,2.99,138973,85.44,47.42,49612.0,32.22,82.63,1044.0
354,42119,Pennsylvania,Union,7.5,Best,3,40.963,-77.0622,1,39,44595,17.98,17.66,$58310.00,2728,6.12,227,0.51,806,1.81,31,0.07,2491,5.59,37904,85.0,45.77,19244.0,42.81,82.13,357.0
355,42041,Pennsylvania,Cumberland,7.875,Best,4,40.1636,-77.2655,1,169,250066,20.38,18.09,$69222.00,9531,3.81,547,0.22,11106,4.44,125,0.05,9705,3.88,214774,85.89,50.53,52208.0,22.18,79.92,2634.0
356,42029,Pennsylvania,Chester,8.875,Best,5,39.9731,-75.7484,1,470,519293,22.9,15.8,$96803.00,29731,5.73,1446,0.28,28871,5.56,314,0.06,39229,7.55,412695,79.47,50.73,66235.0,13.28,81.36,4396.0
357,42073,Pennsylvania,Lawrence,60.25,Worst,6,40.9912,-80.3347,1,100,87069,20.02,21.57,$48666.00,3499,4.02,119,0.14,412,0.47,12,0.01,1228,1.41,80220,92.13,51.64,36733.0,40.32,76.35,1408.0
358,42051,Pennsylvania,Fayette,60.0,Worst,7,39.9199,-79.6473,1,150,131504,19.34,20.56,$42892.00,6062,4.61,244,0.19,495,0.38,387,0.29,1542,1.17,120754,91.83,50.48,65431.0,47.9,75.06,2458.0
359,42059,Pennsylvania,Greene,59.25,Worst,8,39.8538,-80.2229,1,36,36770,19.35,18.32,$48590.00,1205,3.28,81,0.22,131,0.36,7,0.02,559,1.52,34416,93.6,48.21,25855.0,66.83,75.92,620.0
360,42021,Pennsylvania,Cambria,56.75,Worst,9,40.4953,-78.7137,1,175,133054,19.22,22.01,$46007.00,4486,3.37,183,0.14,755,0.57,70,0.05,2149,1.62,123602,92.9,50.83,45986.0,32.01,75.56,2373.0
361,42101,Pennsylvania,Philadelphia,59.875,Worst,10,40.0077,-75.1339,1,181,1580863,21.83,13.39,$40193.00,647161,40.94,13395,0.85,121251,7.67,2378,0.15,234183,14.81,546634,34.58,52.71,0.0,0.0,76.03,22769.0
362,44001,Rhode Island,Bristol,1.25,Best,1,41.7173,-71.284,1,59,48912,18.89,19.42,$72614.00,551,1.13,127,0.26,1023,2.09,22,0.04,1506,3.08,44939,91.88,51.65,570.0,1.14,81.41,444.0
363,44009,Rhode Island,Washington,2.125,Best,2,41.4697,-71.6226,0,241,126150,16.84,19.88,$78599.00,1537,1.22,1226,0.97,2620,2.08,50,0.04,4018,3.19,114824,91.02,51.59,39139.0,30.82,81.12,1283.0
364,44003,Rhode Island,Kent,4.125,Worst,9,41.6722,-71.593,0,158,163760,18.94,18.37,$72765.00,2808,1.71,707,0.43,4349,2.66,108,0.07,8137,4.97,145280,88.72,51.73,13270.0,7.99,79.18,2038.0
365,44007,Rhode Island,Providence,4.75,Worst,10,41.8721,-71.58,0,403,637357,20.62,14.99,$55848.00,54538,8.56,8419,1.32,29446,4.62,1709,0.27,145320,22.8,391842,61.48,51.4,34522.0,5.51,79.36,6794.0
366,45013,South Carolina,Beaufort,3.0,Best,1,32.3855,-80.7302,0,7,186844,19.01,26.36,$60319.00,33325,17.84,811,0.43,2584,1.38,265,0.14,20787,11.13,126869,67.9,50.75,31873.0,19.65,82.53,1877.0
367,45045,South Carolina,Greenville,3.625,Best,2,34.8944,-82.3707,1,2,506837,23.21,15.39,$56311.00,91072,17.97,2533,0.5,12655,2.5,401,0.08,46280,9.13,347299,68.52,51.47,56880.0,12.61,78.02,6190.0
368,45063,South Carolina,Lexington,5.5,Best,3,33.9023,-81.2722,0,2,290642,23.36,15.36,$60329.00,43213,14.87,1503,0.52,5960,2.05,381,0.13,17675,6.08,217709,74.91,51.29,66322.0,25.28,77.82,3698.0
369,45019,South Carolina,Charleston,6.125,Best,4,32.8346,-79.9531,0,1,401438,19.87,15.82,$60144.00,107869,26.87,1617,0.4,6938,1.73,379,0.09,20516,5.11,259390,64.62,51.53,38106.0,10.88,78.93,4721.0
370,45091,South Carolina,York,9.625,Best,5,34.9747,-81.1844,0,6,266439,24.4,13.96,$62620.00,50626,19.0,2303,0.86,5954,2.23,240,0.09,14645,5.5,188306,70.68,51.72,51895.0,22.95,77.75,3148.0
371,45033,South Carolina,Dillon,38.0,Worst,6,34.3915,-79.3789,0,1,30666,25.42,16.39,$32229.00,14397,46.95,909,2.96,117,0.38,8,0.03,806,2.63,14009,45.68,52.4,22285.0,69.51,72.13,680.0
372,45069,South Carolina,Marlboro,39.75,Worst,7,34.602,-79.6786,0,1,26825,20.27,17.55,$33412.00,13552,50.52,1302,4.85,127,0.47,9,0.03,867,3.23,10574,39.42,47.66,15927.0,55.05,71.11,674.0
373,45029,South Carolina,Colleton,39.75,Worst,8,32.8636,-80.6669,0,1,37611,22.51,19.58,$36139.00,13998,37.22,348,0.93,169,0.45,21,0.06,1267,3.37,21321,56.69,51.94,29390.0,75.57,72.71,816.0
374,45067,South Carolina,Marion,40.125,Worst,9,34.0801,-79.3625,0,0,31293,23.24,19.21,$31438.00,17610,56.27,222,0.71,213,0.68,6,0.02,915,2.92,12021,38.41,54.11,20086.0,60.75,72.46,731.0
375,45061,South Carolina,Lee,42.5,Worst,10,34.1633,-80.2545,0,0,17350,20.59,18.32,$33756.00,11012,63.47,66,0.38,71,0.41,4,0.02,429,2.47,5620,32.39,49.16,13829.0,71.95,71.8,429.0
376,46083,South Dakota,Lincoln,9.75,Best,1,43.2789,-96.7218,0,2,56664,28.25,12.4,$89458.00,819,1.45,406,0.72,765,1.35,31,0.05,1158,2.04,52715,93.03,50.33,13119.0,29.27,83.98,318.0
377,46051,South Dakota,Grant,11.375,Best,2,45.1719,-96.7677,0,1,7061,22.63,20.96,$58575.00,49,0.69,85,1.2,28,0.4,5,0.07,280,3.97,6561,92.92,48.21,4073.0,55.37,80.11,77.0
378,46011,South Dakota,Brookings,14.125,Best,3,44.3697,-96.7905,0,0,34255,20.47,11.68,$56947.00,501,1.46,397,1.16,884,2.58,28,0.08,948,2.77,31115,90.83,48.53,9483.0,29.67,81.96,208.0
379,46127,South Dakota,Union,15.375,Best,4,42.8326,-96.656,0,0,15029,24.01,18.06,$82100.00,149,0.99,133,0.88,193,1.28,10,0.07,453,3.01,13898,92.47,49.32,8840.0,61.39,81.42,163.0
380,46117,South Dakota,Stanley,15.625,Best,5,44.4123,-100.7359,0,0,3011,24.38,20.16,$66343.00,21,0.7,212,7.04,10,0.33,0,0.0,76,2.52,2626,87.21,48.89,1261.0,42.52,85.79,45.0
381,46121,South Dakota,Todd,57.0,Worst,6,43.1934,-100.7185,0,0,10065,41.24,7.22,$29046.00,45,0.45,8855,87.98,20,0.2,0,0.0,437,4.34,821,8.16,51.13,9612.0,100.0,67.61,213.0
382,46031,South Dakota,Corson,56.875,Worst,7,45.7086,-101.1969,0,0,4203,36.45,10.83,$30446.00,17,0.4,2738,65.14,21,0.5,2,0.05,195,4.64,1230,29.26,49.46,4050.0,100.0,66.5,105.0
383,46041,South Dakota,Dewey,53.375,Worst,9,45.1566,-100.8718,0,0,5835,36.92,9.58,$37621.00,20,0.34,4320,74.04,14,0.24,1,0.02,267,4.58,1173,20.1,50.71,3397.0,64.08,67.62,118.0
384,46017,South Dakota,Buffalo,56.25,Worst,10,44.0763,-99.2048,0,0,1999,38.37,7.25,$22679.00,15,0.75,1626,81.34,1,0.05,0,0.0,88,4.4,304,15.21,49.82,1912.0,100.0,62.59,55.0
385,47187,Tennessee,Williamson,6.25,Best,1,35.8938,-86.8986,0,1,226257,27.46,12.84,$111427.00,9783,4.32,601,0.27,10012,4.43,132,0.06,10857,4.8,191775,84.76,51.05,35512.0,19.39,82.08,1475.0
386,47127,Tennessee,Moore,11.625,Best,2,35.2846,-86.3587,0,0,6384,19.31,21.18,$55448.00,157,2.46,21,0.33,51,0.8,1,0.02,130,2.04,5943,93.09,50.09,6354.0,99.87,78.97,102.0
387,47165,Tennessee,Sumner,13.375,Best,3,36.4694,-86.4604,0,1,183545,23.81,15.41,$65174.00,13623,7.42,706,0.38,2599,1.42,191,0.1,9034,4.92,154733,84.3,51.1,44792.0,27.88,77.99,2320.0
388,47189,Tennessee,Wilson,14.375,Best,4,36.1549,-86.2978,0,1,136442,23.93,15.36,$70674.00,9388,6.88,685,0.5,2225,1.63,126,0.09,5757,4.22,116243,85.2,50.88,43850.0,38.47,78.38,1664.0
389,47009,Tennessee,Blount,18.125,Best,5,35.6872,-83.9255,0,1,129929,20.43,19.69,$51391.00,3800,2.92,545,0.42,1171,0.9,75,0.06,4285,3.3,118326,91.07,51.47,40140.0,32.63,77.57,1925.0
390,47027,Tennessee,Clay,79.625,Worst,6,36.5511,-85.5439,0,0,7703,20.14,24.08,$34035.00,123,1.6,27,0.35,7,0.09,8,0.1,179,2.32,7280,94.51,50.6,7861.0,100.0,72.05,199.0
391,47087,Tennessee,Jackson,80.875,Worst,7,36.3592,-85.6732,0,0,11677,18.16,22.09,$36815.00,56,0.48,77,0.66,17,0.15,4,0.03,248,2.12,11138,95.38,50.23,11638.0,100.0,74.56,261.0
392,47095,Tennessee,Lake,82.75,Worst,8,36.3352,-89.4935,0,0,7468,14.66,15.64,$31144.00,2139,28.64,35,0.47,14,0.19,2,0.03,171,2.29,4975,66.62,36.09,7832.0,100.0,71.9,172.0
393,47061,Tennessee,Grundy,86.0,Worst,9,35.3884,-85.7226,0,0,13361,21.86,20.82,$34454.00,77,0.58,88,0.66,50,0.37,1,0.01,177,1.32,12816,95.92,50.53,13703.0,100.0,71.57,332.0
394,47097,Tennessee,Lauderdale,87.375,Worst,10,35.761,-89.6315,0,0,25274,23.81,15.74,$38718.00,8377,33.14,186,0.74,199,0.79,3,0.01,622,2.46,15579,61.64,50.43,16317.0,58.66,73.15,513.0
395,48065,Texas,Carson,17.625,Best,1,35.4035,-101.3542,0,0,6032,24.32,18.77,$60668.00,48,0.8,97,1.61,27,0.45,3,0.05,617,10.23,5157,85.49,49.87,5885.0,95.2,78.15,82.0
396,48205,Texas,Hartley,18.625,Best,2,35.84,-102.6029,0,0,5691,21.0,14.69,$69000.00,372,6.54,40,0.7,37,0.65,1,0.02,1526,26.81,3681,64.68,39.89,3471.0,57.26,81.05,46.0
397,48085,Texas,Collin,21.375,Best,3,33.1879,-96.5724,0,0,969603,26.28,10.74,$95394.00,94323,9.73,6820,0.7,145881,15.05,905,0.09,148440,15.31,555608,57.3,50.81,41016.0,5.24,82.71,6068.0
398,48121,Texas,Denton,23.5,Best,4,33.2052,-97.117,0,0,836210,25.12,9.84,$86462.00,81629,9.76,7110,0.85,75407,9.02,891,0.11,162605,19.45,495631,59.27,50.8,45759.0,6.91,81.73,5516.0
399,48259,Texas,Kendall,25.5,Best,5,29.9447,-98.7116,0,0,44026,23.42,18.75,$89637.00,465,1.06,320,0.73,567,1.29,41,0.09,10631,24.15,31686,71.97,51.03,19431.0,58.16,80.88,385.0
400,48419,Texas,Shelby,205.5,Worst,6,31.7924,-94.145,0,0,25513,26.5,17.2,$39745.00,4509,17.67,255,1.0,334,1.31,19,0.07,4728,18.53,15598,61.14,50.19,20214.0,79.43,74.47,448.0
401,48291,Texas,Liberty,208.25,Worst,7,30.1516,-94.8122,0,0,83658,25.96,12.81,$50420.00,8093,9.67,916,1.09,541,0.65,73,0.09,20732,24.78,52989,63.34,50.46,47827.0,63.23,74.09,1423.0
402,48407,Texas,San Jacinto,209.625,Worst,8,30.5795,-95.1669,0,0,28270,21.7,21.43,$44707.00,2641,9.34,286,1.01,153,0.54,16,0.06,3691,13.06,21137,74.77,50.05,26384.0,100.0,75.84,542.0
403,48405,Texas,San Augustine,218.625,Worst,9,31.3942,-94.1682,0,0,8253,19.76,25.41,$39133.00,1799,21.8,63,0.76,33,0.4,0,0.0,585,7.09,5703,69.1,50.66,8865.0,100.0,73.12,191.0
404,48047,Texas,Brooks,220.125,Worst,10,27.0316,-98.2187,0,0,7235,28.6,17.57,$28106.00,35,0.48,47,0.65,181,2.5,3,0.04,6497,89.8,509,7.04,49.14,2294.0,31.76,76.7,103.0
405,49043,Utah,Summit,3.875,Best,1,40.8682,-110.9557,0,1,41106,24.9,11.9,$100879.00,322,0.78,224,0.54,683,1.66,68,0.17,4595,11.18,34869,84.83,48.73,14239.0,39.2,83.58,236.0
406,49029,Utah,Morgan,4.5,Best,2,41.0893,-111.5732,0,0,11873,35.48,11.4,$96201.00,43,0.36,43,0.36,68,0.57,13,0.11,317,2.67,11293,95.11,48.46,5951.0,62.85,81.27,61.0
407,49011,Utah,Davis,5.75,Best,3,40.99,-112.1115,0,4,347637,32.53,9.85,$80433.00,4179,1.2,2543,0.73,7020,2.02,2870,0.83,33575,9.66,291620,83.89,49.57,2818.0,0.92,80.54,2212.0
408,49049,Utah,Utah,6.5,Best,4,40.1199,-111.6703,0,4,606425,33.88,7.55,$70461.00,3474,0.57,5011,0.83,10576,1.74,5515,0.91,71336,11.76,499950,82.44,49.46,17186.0,3.33,80.33,3296.0
409,49049,Utah,Utah,6.5,Best,4,40.1199,-111.6703,0,4,606425,33.88,7.55,$70461.00,3474,0.57,5011,0.83,10576,1.74,5515,0.91,71336,11.76,499950,82.44,49.46,17186.0,3.33,80.33,3296.0
410,49005,Utah,Cache,7.0,Best,5,41.7224,-111.7436,0,1,124438,30.47,9.2,$55036.00,851,0.68,1275,1.02,3072,2.47,612,0.49,13441,10.8,104172,83.71,49.85,17673.0,15.69,81.72,667.0
411,49013,Utah,Duchesne,22.375,Worst,6,40.2982,-110.4252,0,0,20026,34.36,11.67,$60569.00,60,0.3,903,4.51,98,0.49,63,0.31,1659,8.28,17060,85.19,49.47,12692.0,68.21,76.9,236.0
412,49037,Utah,San Juan,26.25,Worst,7,37.626,-109.8045,0,0,15356,30.66,13.65,$43962.00,48,0.31,7583,49.38,115,0.75,9,0.06,834,5.43,6755,43.99,49.94,11482.0,77.87,77.32,192.0
413,49007,Utah,Carbon,21.125,Worst,8,39.6481,-110.5887,0,0,20295,26.39,16.95,$47627.00,115,0.57,297,1.46,132,0.65,49,0.24,2663,13.12,16889,83.22,50.51,7216.0,33.71,74.89,330.0
414,49017,Utah,Garfield,20.25,Worst,9,37.8549,-111.4431,0,0,5078,23.36,22.82,$50945.00,26,0.51,131,2.58,77,1.52,20,0.39,302,5.95,4486,88.34,47.62,5172.0,100.0,79.28,60.0
415,49047,Utah,Uintah,22.0,Worst,10,40.1248,-109.5186,0,0,35150,33.26,10.61,$57355.00,140,0.4,2795,7.95,195,0.55,148,0.42,2899,8.25,28724,81.72,49.48,15267.0,46.85,77.1,356.0
416,50007,Vermont,Chittenden,1.625,Best,1,44.461,-73.0809,1,207,162372,18.0,14.55,$65851.00,3981,2.45,407,0.25,6922,4.26,66,0.04,3806,2.34,143933,88.64,50.94,40680.0,25.99,81.56,1396.0
417,50001,Vermont,Addison,2.125,Best,2,44.0309,-73.1408,0,80,36776,17.26,19.15,$59467.00,414,1.13,91,0.25,665,1.81,7,0.02,846,2.3,34131,92.81,50.0,28879.0,78.43,82.0,330.0
418,50023,Vermont,Washington,3.75,Best,3,44.2734,-72.6149,1,62,58290,19.06,19.04,$62203.00,526,0.9,171,0.29,517,0.89,21,0.04,1141,1.96,54953,94.28,50.58,31437.0,52.81,79.92,681.0
419,50013,Vermont,Grand Isle,5.25,Best,4,44.7968,-73.2949,0,26,6998,18.35,20.29,$61971.00,45,0.64,94,1.34,30,0.43,7,0.1,149,2.13,6491,92.76,49.8,6970.0,100.0,78.97,100.0
420,50015,Vermont,Lamoille,6.0,Best,5,44.6058,-72.6414,1,21,25337,20.58,16.69,$56965.00,228,0.9,107,0.42,186,0.73,12,0.05,471,1.86,23916,94.39,49.98,24475.0,100.0,80.21,266.0
421,50021,Vermont,Rutland,9.375,Worst,6,43.5801,-73.0366,1,184,59087,17.84,21.4,$53492.00,357,0.6,170,0.29,584,0.99,16,0.03,900,1.52,56290,95.27,50.63,37610.0,61.01,78.18,869.0
422,50005,Vermont,Caledonia,10.125,Worst,7,44.4647,-72.1022,1,22,30164,19.55,20.13,$46299.00,208,0.69,156,0.52,289,0.96,4,0.01,491,1.63,28596,94.8,49.91,23230.0,74.39,78.49,389.0
423,50003,Vermont,Bennington,10.375,Worst,8,43.0354,-73.093,0,83,35594,19.03,22.28,$52770.00,392,1.1,110,0.31,378,1.06,19,0.05,697,1.96,33554,94.27,51.23,23950.0,64.51,78.48,503.0
424,50009,Vermont,Essex,11.75,Worst,9,44.728,-71.7362,1,0,6230,17.83,25.26,$40288.00,39,0.63,34,0.55,39,0.63,0,0.0,92,1.48,5937,95.3,49.71,6306.0,100.0,75.4,112.0
425,50019,Vermont,Orleans,12.375,Worst,10,44.8288,-72.2437,1,0,26841,19.48,22.02,$44070.00,186,0.69,152,0.57,119,0.44,9,0.03,384,1.43,25570,95.26,49.68,23227.0,85.3,77.69,400.0
426,51059,Virginia,Fairfax,6.375,Best,1,38.8368,-77.277,0,113,1148433,23.43,13.07,$117989.00,111436,9.7,6507,0.57,229809,20.01,965,0.08,186590,16.25,583022,50.77,50.44,15079.0,1.39,85.09,6283.0
427,51013,Virginia,Arlington,6.5,Best,2,38.8786,-77.1011,0,12,234965,17.86,10.31,$114705.00,21072,8.97,1568,0.67,25455,10.83,301,0.13,36737,15.64,145067,61.74,50.12,0.0,0.0,84.57,1114.0
428,51199,Virginia,York,10.375,Best,4,37.2432,-76.5636,0,1,67739,23.85,15.6,$85292.00,8894,13.13,356,0.53,3941,5.82,178,0.26,4410,6.51,48102,71.01,50.85,3993.0,6.1,83.29,511.0
429,51003,Virginia,Albemarle,12.75,Best,5,38.0229,-78.5567,1,20,107702,20.09,17.78,$77591.00,10278,9.54,433,0.4,5778,5.36,101,0.09,6293,5.84,82691,76.78,52.18,44559.0,45.02,83.13,808.0
430,51025,Virginia,Brunswick,121.75,Worst,6,36.7648,-77.859,0,0,16244,17.35,20.89,$42569.00,8838,54.41,52,0.32,109,0.67,10,0.06,384,2.36,6705,41.28,47.53,13164.0,75.51,74.59,327.0
431,51027,Virginia,Buchanan,124.375,Worst,9,37.2666,-82.036,0,0,21514,17.61,21.76,$32993.00,598,2.78,29,0.13,91,0.42,2,0.01,155,0.72,20510,95.33,49.53,24098.0,100.0,72.43,554.0
432,53033,Washington,King,2.5,Best,1,47.4902,-121.8052,0,18,2188649,20.44,12.97,$89519.00,140666,6.43,22341,1.02,399255,18.24,18882,0.86,212412,9.71,1314090,60.04,49.89,61938.0,3.21,82.32,16380.0
433,53055,Washington,San Juan,3.625,Best,2,48.5782,-122.965,0,0,16715,13.1,32.72,$59538.00,97,0.58,160,0.96,244,1.46,26,0.16,1064,6.37,14823,88.68,51.73,15769.0,100.0,84.23,165.0
434,53035,Washington,Kitsap,6.75,Best,3,47.6132,-122.6717,0,2,266414,20.62,17.3,$72795.00,7424,2.79,4683,1.76,14470,5.43,2568,0.96,20712,7.77,204200,76.65,48.87,42044.0,16.74,80.08,2847.0
435,53061,Washington,Snohomish,7.5,Best,4,48.0475,-121.6975,0,5,801633,22.73,13.04,$82405.00,25636,3.2,12717,1.59,89216,11.13,5229,0.65,81809,10.21,559950,69.85,49.83,77179.0,10.82,80.28,7379.0
436,53029,Washington,Island,8.625,Best,5,48.163,-122.5481,0,0,83159,18.31,23.82,$63529.00,2302,2.77,882,1.06,4169,5.01,397,0.48,6534,7.86,65886,79.23,50.09,36816.0,46.9,81.65,900.0
437,53047,Washington,Okanogan,34.0,Worst,6,48.5488,-119.7408,0,0,41742,23.23,21.18,$44819.00,297,0.71,5412,12.97,488,1.17,114,0.27,8364,20.04,27137,65.01,49.62,32891.0,79.99,78.16,626.0
438,53019,Washington,Ferry,34.75,Worst,7,48.4703,-118.5166,0,0,7594,17.29,26.3,$43665.00,47,0.62,1302,17.15,74,0.97,23,0.3,346,4.56,5535,72.89,48.67,7551.0,100.0,77.45,124.0
439,53051,Washington,Pend Oreille,31.625,Worst,8,48.5323,-117.274,0,0,13354,19.19,25.33,$48574.00,89,0.67,531,3.98,116,0.87,24,0.18,532,3.98,11815,88.48,48.88,10805.0,83.11,77.84,220.0
440,53045,Washington,Mason,31.0,Worst,9,47.3484,-123.1927,1,0,63710,19.37,22.59,$55030.00,772,1.21,2980,4.68,851,1.34,290,0.46,6300,9.89,51351,80.6,48.29,38663.0,63.7,78.42,969.0
441,53077,Washington,Yakima,33.0,Worst,10,46.4571,-120.7384,0,1,250193,29.74,13.45,$47573.00,2047,0.82,16119,6.44,3779,1.51,667,0.27,123693,49.44,108041,43.18,49.95,57206.0,23.52,78.18,2742.0
442,54061,West Virginia,Monongalia,4.75,Best,1,39.6303,-80.0466,0,63,105030,16.32,12.1,$50621.00,3946,3.76,192,0.18,3618,3.44,56,0.05,2284,2.17,92662,88.22,48.51,25839.0,26.86,78.82,994.0
443,54079,West Virginia,Putnam,5.25,Best,2,38.5086,-81.909,0,4,56792,22.66,17.79,$59815.00,608,1.07,139,0.24,451,0.79,20,0.04,639,1.13,54291,95.6,50.69,19855.0,35.78,76.9,830.0
444,54037,West Virginia,Jefferson,9.375,Best,3,39.3076,-77.8628,0,41,56338,22.57,15.69,$70203.00,3433,6.09,198,0.35,949,1.68,42,0.07,3200,5.68,47215,83.81,50.36,25879.0,48.37,77.88,789.0
445,54057,West Virginia,Mineral,9.875,Best,4,39.4147,-78.9438,0,13,27222,20.15,21.16,$45144.00,779,2.86,55,0.2,167,0.61,2,0.01,248,0.91,25586,93.99,50.1,18223.0,64.59,76.68,443.0
446,54069,West Virginia,Ohio,10.875,Best,5,40.0969,-80.6189,0,10,42035,19.22,21.22,$47818.00,1493,3.55,74,0.18,333,0.79,11,0.03,463,1.1,38831,92.38,51.78,10263.0,23.09,76.26,705.0
447,54005,West Virginia,Boone,48.75,Worst,6,38.023,-81.7112,1,9,22349,21.53,19.05,$38584.00,151,0.68,36,0.16,30,0.13,1,0.0,146,0.65,21834,97.7,50.28,20050.0,81.41,72.12,540.0
448,54045,West Virginia,Logan,49.25,Worst,7,37.8315,-81.9353,0,0,32925,20.43,19.83,$34925.00,626,1.9,45,0.14,94,0.29,2,0.01,306,0.93,31572,95.89,50.78,25996.0,70.75,69.87,1008.0
449,54109,West Virginia,Wyoming,50.125,Worst,8,37.6096,-81.5492,0,1,21210,20.67,20.11,$34603.00,142,0.67,40,0.19,31,0.15,1,0.0,149,0.7,20607,97.16,50.7,21151.0,88.88,71.58,582.0
450,54059,West Virginia,Mingo,51.75,Worst,9,37.7264,-82.1347,0,26,24127,22.27,18.15,$30880.00,442,1.83,25,0.1,62,0.26,3,0.01,161,0.67,23166,96.02,50.98,24085.0,89.74,70.89,642.0
451,54047,West Virginia,McDowell,53.5,Worst,10,37.3785,-81.6536,0,0,18456,20.48,20.95,$26491.00,1551,8.4,40,0.22,22,0.12,6,0.03,227,1.23,16384,88.77,51.19,19015.0,85.99,68.99,610.0
452,55089,Wisconsin,Ozaukee,9.75,Best,1,43.384,-87.9509,0,9,88429,21.4,19.23,$85098.00,1326,1.5,286,0.32,2207,2.5,29,0.03,2604,2.94,80949,91.54,50.74,21501.0,24.89,81.98,748.0
453,55131,Wisconsin,Washington,11.25,Best,2,43.3685,-88.2307,1,27,135101,22.22,17.47,$76551.00,1549,1.15,513,0.38,1877,1.39,60,0.04,4429,3.28,125463,92.87,50.25,40601.0,30.78,81.11,1195.0
454,55015,Wisconsin,Calumet,11.375,Best,3,44.0816,-88.2181,0,14,50067,24.26,14.64,$72309.00,323,0.65,288,0.58,1172,2.34,27,0.05,2209,4.41,45525,90.93,49.72,13484.0,27.53,81.13,386.0
455,55133,Wisconsin,Waukesha,11.875,Best,4,43.0182,-88.3045,1,155,400621,21.73,18.07,$82627.00,6090,1.52,1264,0.32,14794,3.69,208,0.05,19059,4.76,354666,88.53,50.84,38445.0,9.86,81.75,3387.0
456,55109,Wisconsin,St. Croix,14.25,Best,5,45.0341,-92.4528,1,18,88703,25.19,13.6,$82253.00,685,0.77,398,0.45,1019,1.15,33,0.04,2128,2.4,83329,93.94,50.05,44845.0,53.17,80.72,709.0
457,55079,Wisconsin,Milwaukee,67.625,Worst,6,43.0072,-87.9668,0,72,952085,24.01,13.24,$47795.00,249609,26.22,9220,0.97,42112,4.42,403,0.04,144176,15.14,489857,51.45,51.59,1820.0,0.19,77.14,12081.0
458,55078,Wisconsin,Menominee,64.875,Worst,7,45.0044,-88.71,1,9,4615,34.19,12.74,$36936.00,37,0.8,3801,82.36,118,2.56,0,0.0,258,5.59,520,11.27,50.21,4232.0,100.0,70.27,99.0
459,55001,Wisconsin,Adams,61.375,Worst,8,43.9695,-89.7704,0,45,19973,14.36,28.83,$44767.00,564,2.82,229,1.15,104,0.52,12,0.06,790,3.96,18140,90.82,46.44,20875.0,100.0,78.75,351.0
460,55105,Wisconsin,Rock,61.25,Worst,9,42.6712,-89.0716,0,11,162309,23.37,16.12,$55905.00,7873,4.85,874,0.54,2113,1.3,103,0.06,14347,8.84,134308,82.75,50.79,32734.0,20.42,78.52,1927.0
461,55059,Wisconsin,Kenosha,61.75,Worst,10,42.5769,-88.0424,1,26,168521,23.17,13.71,$61312.00,11528,6.84,1226,0.73,2782,1.65,168,0.1,22191,13.17,127906,75.9,50.51,17846.0,10.72,78.23,1929.0
462,56039,Wyoming,Teton,2.75,Best,1,43.9347,-110.5898,0,0,23265,18.8,14.4,$90145.00,124,0.53,211,0.91,286,1.23,31,0.13,3486,14.98,19008,81.7,48.1,9887.0,46.43,87.44,124.0
463,56011,Wyoming,Crook,4.375,Best,2,44.5885,-104.5699,0,0,7410,24.76,19.66,$61664.00,88,1.19,77,1.04,20,0.27,2,0.03,172,2.32,6974,94.12,48.58,7083.0,100.0,81.71,89.0
464,56029,Wyoming,Park,6.125,Best,3,44.5205,-109.5879,0,0,29568,20.73,22.24,$57619.00,216,0.73,268,0.91,254,0.86,18,0.06,1770,5.99,26771,90.54,50.12,12478.0,44.24,80.64,350.0
465,56035,Wyoming,Sublette,6.75,Best,4,42.7669,-109.9147,0,0,9799,22.94,18.32,$74811.00,78,0.8,109,1.11,103,1.05,4,0.04,708,7.23,8728,89.07,46.1,10247.0,100.0,84.26,84.0
466,56023,Wyoming,Lincoln,7.375,Best,5,42.2639,-110.656,0,0,19265,26.85,16.62,$65137.00,95,0.49,196,1.02,94,0.49,9,0.05,912,4.73,17820,92.5,49.07,14979.0,82.73,80.87,183.0
467,56007,Wyoming,Carbon,17.375,Worst,6,41.6944,-106.9307,0,0,15303,23.37,16.24,$60634.00,178,1.16,259,1.69,158,1.03,14,0.09,2842,18.57,11760,76.85,46.33,6613.0,41.63,76.36,240.0
468,56003,Wyoming,Big Horn,17.375,Worst,7,44.5267,-107.9952,0,0,11906,25.31,20.5,$50380.00,65,0.55,171,1.44,53,0.45,2,0.02,1054,8.85,10493,88.13,49.92,11668.0,100.0,77.4,185.0
469,56037,Wyoming,Sweetwater,18.25,Worst,8,41.6595,-108.8796,0,0,43534,26.52,11.38,$75590.00,475,1.09,668,1.53,363,0.83,62,0.14,7074,16.25,34548,79.36,48.45,4782.0,10.92,77.84,495.0
470,56041,Wyoming,Uinta,18.5,Worst,9,41.2876,-110.5476,0,0,20495,29.21,13.19,$67404.00,140,0.68,286,1.4,101,0.49,36,0.18,1878,9.16,17928,87.47,49.57,9101.0,43.1,78.4,262.0
471,56013,Wyoming,Fremont,22.25,Worst,10,43.0405,-108.6305,0,1,39803,25.5,17.71,$50134.00,180,0.45,8671,21.78,182,0.46,26,0.07,2703,6.79,27855,69.98,49.81,20633.0,51.42,74.98,664.0
